327,474,5.882019161391819,6.146767468075165,6.146816757921751,5.432540728047809,13817773,48
999,796,4.7327784881551285,6.748927055223314,9.052666197526563,4.410049837398327,14299349,32
681,333,7.151841524458059,1.3232652060410466,9.187256157808223,6.574360314900733,18745916,16
919,160,1.8503031262318044,4.327966976590678,9.8734072172725,1.8972964292336454,16570671,112
931,193,4.4953612760485555,2.8656316625942173,9.827627023670342,5.219736552347782,17176753,80
467,672,9.1483618696416,6.859863883052569,8.51075216973113,7.6757600836683215,12847866,96
844,350,8.987236747844364,8.779613941833901,3.0233762696873474,2.9430329016274697,15486296,128
898,810,3.119165671058413,3.0098696448396436,6.61095218754307,7.438746349199373,12326450,112
665,835,1.9211684478571405,8.13729467299832,9.752378428124276,4.771538717034275,13189765,128
803,770,5.0491692730198,8.189811371020092,4.0599557971039735,5.506272939278394,11296516,48
989,515,7.135480846491495,7.211227821153868,5.143647786192804,7.701805960466409,19714033,48
233,217,5.971537733233944,3.720165124535242,4.571047730315379,3.0192785214493574,17245056,128
214,394,7.798190574005626,7.210868249150724,4.723803637223421,2.443304864191829,16228216,80
971,149,7.077277877031504,2.3169148762766656,3.6857201531187975,9.092250575730015,19144954,16
586,761,8.759561195578588,9.805879865890354,7.328569335118361,5.120004728538859,19174827,112
823,892,7.178142384766536,5.271112291504537,4.5471700610392185,2.4586506227908225,12150465,48
868,175,4.112880612565924,1.4776755514367401,5.9842860681529775,6.94666552046251,14899570,80
375,446,9.438040559642491,5.759338864275913,4.384795069481669,9.924233786181121,12433735,16
557,958,5.5362081843861,9.460019906059832,1.032041641648703,8.482208757591476,11675499,128
384,593,1.2920532317691382,7.856854776358616,3.628952567510325,5.880411136201446,13037248,64
292,321,7.723439921538596,5.340182552607228,4.28587338829798,1.6805625752243658,10917672,16
836,177,6.104074774981719,5.330479435406659,1.9234720419826385,5.345488677689797,19741309,112
201,760,3.7967559007465512,7.594868838479329,1.7945412535441347,6.045524023777627,18339042,112
170,461,2.4095962173155274,8.643775028571614,8.771198735018743,7.506608975576038,17586965,80
809,573,6.4255399867254965,3.105728547108323,1.4648868971099782,1.2288423935825117,15232529,48
942,971,2.615024782262051,3.1098579139002824,3.916100088388571,3.387850382266744,12759317,16
974,489,6.329413698173251,9.654049935699854,4.798221196207476,6.892513351435161,19841069,112
339,613,3.025876654610458,1.837188154340176,8.980264506281545,2.9601377500774335,13876557,32
600,538,2.4233435527325793,1.5138816795032297,1.1817372712368912,4.891360192047196,15569080,128
782,902,5.552382558936324,6.644037934008787,5.636300693968359,7.218063313958545,10241551,96
128,356,8.86566095243627,2.7890006738336712,9.40266591518597,1.190118569453709,11967017,128
641,435,3.1035797128035405,9.90930805701851,9.034222368669568,1.769054635931351,15969870,128
797,651,1.3008444985408842,5.861571637473151,6.094416119744973,9.636584005185854,10241977,128
975,286,9.279996160367448,2.3039463252271934,4.526788470800873,1.3130366079812976,18159904,64
158,923,4.959200333717238,5.273474067852876,3.894429640735586,6.6852161735306,16201303,32
279,574,2.0389850611956755,9.284986674391261,8.002926414690888,7.046171957879245,11960774,112
776,138,4.997497362354368,9.628786788317527,2.8322183077294634,9.632441789320412,18701506,48
337,463,5.35009602257484,4.715710392206243,7.5497027611719325,6.730875434087607,12100555,112
617,487,2.3693330858886386,9.55868594422531,1.1980140954501273,1.359178373715619,16717165,80
956,393,2.157447625053152,1.4224712244370037,7.2333042043373394,1.8123354531022398,13930074,80
718,655,4.377946709992659,4.078654942968831,2.7205790016835194,5.5668822488121155,18358972,96
385,954,9.91166380092225,6.220946826172461,2.7020869782716304,4.468034497991563,10457264,32
939,907,2.466831913575497,7.535559313109116,2.5322610454312,5.6055533017827095,14052408,64
895,441,2.990925530302893,8.169281536403492,6.17867310826141,9.266519406401313,11190225,48
311,411,2.5072803778518464,2.080078682484216,9.800472065266444,6.134873284758682,19921354,80
335,618,3.549644119161685,1.3326011873339207,1.8197052671452423,2.445952309547325,14083373,80
730,810,8.788335628192781,1.8402380622661867,1.998553894053087,7.129204116536057,17855303,32
976,636,3.270786585483043,4.850797736993629,5.264130993432173,3.8460986523864755,11132816,48
111,416,2.1569570583840956,3.1394101297614756,8.453731838234614,5.810456763842382,19355732,32
534,484,7.074126357479671,3.2820201723971905,1.8961616966626629,3.244208463549983,15636788,16
534,698,7.0719420020450015,7.671947370823791,2.1791806865370353,8.60342213312179,11158855,48
430,992,5.02912190966461,1.832953878961779,2.7554671746437798,1.0341217888414258,14817422,112
610,271,2.926098075940147,1.6852117503184487,6.81987774783851,4.001625424095364,14268354,112
302,813,4.109862587011227,3.9283688549273528,7.74866533626461,1.0111503178325654,14417694,32
930,591,8.315343522498328,9.03729264542644,4.569011896129967,1.1261258329458192,16564289,16
420,337,6.1432825201227015,4.137947800769963,9.321480945916294,6.15847687188261,14306345,32
145,565,1.536288680413397,3.3989049094244232,5.432248996540411,9.944588037046811,18965919,112
132,471,4.371584385532345,6.535502842454854,7.512941748036461,1.310866342786726,18446528,48
170,542,2.007837290810548,7.735643971424614,3.093592210310968,9.347934370019454,17057699,96
837,274,6.30505677589554,1.8845135229501129,1.1153882766044791,4.996684916505094,14724267,80
955,196,1.5940441975690312,6.833854061118725,2.4076642122272722,2.793353385010488,11123411,96
295,322,7.182544062107905,1.5307954639900956,1.079249731164128,1.391486264924394,16585984,32
606,482,8.213813506827156,1.1026304654840742,6.730132468913472,7.1236806705117175,13150024,80
201,307,5.05833940303423,1.7476739413890763,1.763328229833877,8.074679784361681,16446770,112
336,548,2.352185858397073,5.010727054590143,2.6338148117824454,6.570933242122782,18674317,96
490,223,4.3954475207452095,3.0254320391301945,7.078459067751233,8.922013063348064,18797351,96
341,673,6.502914692581083,9.680002505590654,5.8400624575132385,1.0886790298942417,19182017,80
258,136,2.689523604270981,4.474654026154964,1.721934711721707,5.618220161086503,13764808,32
369,787,8.858236208937484,4.693386821134191,2.2589218909416235,6.268861690823711,15141060,48
276,678,1.6885504172295793,7.9761667841418635,3.385890044516946,1.196651126835743,14803928,48
141,858,2.8585194242404413,4.947616102913246,2.8650115595623813,2.9586888222537633,16665215,96
342,938,7.318823370556525,2.5629961851533674,6.130272464018873,8.666269912606989,18603418,128
502,977,6.033458388268184,6.090233849953794,2.8183881291737323,8.550825897676619,15272567,32
496,356,3.904271917200776,1.311920276267477,7.967916573433346,2.2835523571754672,14937662,32
492,520,6.82279031517845,4.828624945840851,2.1300824267772294,7.687351809642883,11812706,16
759,653,9.224835671427279,7.747381303733089,2.3599921227652554,5.4265505012741695,13726305,32
448,628,9.392623318534463,8.745531303015424,8.29953176843215,4.056154312073929,14101427,32
239,144,9.351471793466269,5.886197414043959,1.0641312010651367,8.438106241477222,18431251,16
660,496,9.032695657386645,7.026438896875619,5.5819837936769545,5.948632504340358,12725809,80
771,228,9.84632351971475,8.637196309809223,3.6853842579244604,7.074118786978869,15972157,32
688,486,5.4768935533714505,6.436301935490681,4.587982129702999,1.6706427829073065,19454740,112
631,944,4.391536150587946,4.362659866952721,3.2253142854340777,3.342221268491726,12092223,80
184,678,4.301627528552682,6.387616333691123,5.994560079127811,7.9898542414297005,12733048,128
139,435,4.2843006793187355,4.387503686365647,6.170335856552514,4.106515869027109,14829518,112
523,693,9.573709483344883,3.592506768983883,7.608552359231969,9.057585681963186,19996574,48
352,703,9.3469968807373,8.76565828630592,1.8456516312188995,9.727345884825697,16428621,48
297,195,3.653252225901902,4.472999696095947,8.66991048141808,3.7535378835508575,10884019,64
693,187,7.725301424030736,5.583878045630436,6.661433765088555,4.937567795022467,15179713,80
330,905,3.573673038742227,6.440117553546456,2.630642456590835,3.1109365088394347,14142084,32
318,322,9.218003181467033,9.12127406676682,3.9060065511797726,6.79433306021857,10014156,112
178,850,7.442528534517598,3.4690969849518503,8.134684729800078,5.690709485955738,10935384,80
577,830,6.8897345298696955,5.453096350063616,8.05306066107653,4.247926410821112,19285844,64
310,516,6.268240073990248,9.002806690534847,3.7254536216443546,3.3437150591118296,11187492,16
390,809,2.5182403357769574,1.0432117495179458,3.625284802657796,6.726926732277851,18981711,112
743,142,5.642875058263929,3.3193012979057404,4.947167925947755,3.1603986940288373,11778119,32
238,522,2.3542379794884587,5.360495435953057,2.550473185139304,2.6821107089698657,12419825,64
573,965,4.348943909295729,1.9096293281352992,3.0527006548048536,5.1923562306958555,15472150,48
904,160,9.041454044898298,2.0707300598668477,9.43969079542862,3.3989512655449166,12208763,112
206,271,7.605044612971737,4.721260008276369,3.4325065853330656,7.470826290740558,15753249,48
100,182,4.534208712357923,2.8403746741648117,8.190559729242946,2.773050966441055,13213840,112
705,440,9.827671902935027,5.816240933802514,1.4835196427911197,7.5788304354611675,18148589,96
686,870,6.767001160225951,8.932381678929893,5.552734428063099,3.986637668290696,17833240,112
256,848,5.456291906850181,7.444200808309398,7.396475958140372,8.648091320854586,15757092,128
572,407,8.485187868598764,6.893408952290473,8.812923019640948,1.0516029818376302,14657078,32
311,679,6.832361733573937,5.497073206320186,1.0572137532816397,2.682053361413442,11663709,80
716,994,5.227542518702532,4.546207531565058,1.1803199290360524,1.3305389686538467,18686609,48
502,140,6.4105044415832495,9.794414427517257,8.914614844539381,8.340213704050132,18584853,16
159,312,8.337812147014521,1.292374765093324,1.901315136304561,1.5726089669765244,11649822,112
645,859,9.731238996210472,6.499917784709828,2.2177749355168093,7.330949163344899,18615065,80
839,788,7.0150432160323035,3.4746280499250273,6.051847800820158,9.89752906838766,10092966,96
607,879,2.894180278023816,8.16711494477304,3.4567551339126634,9.132514370931384,17601873,48
459,810,3.4358104530792155,8.873033946316934,1.944996751368482,8.049920768630306,11787290,32
951,669,8.047230490017292,7.607156531766496,4.445888409468335,8.597444457060373,17444746,64
617,800,7.977568298469003,2.9816945608121768,8.962566734630823,7.025694673857118,15445252,112
338,203,2.248058043998988,2.4672979042148957,7.643741490655915,2.7607501111252475,19918806,96
861,118,7.420937267038397,9.503422217601017,6.241973057138678,9.50905472851786,12915617,48
452,198,9.02683585206365,5.22857278156496,3.79214391465068,4.038297268434092,13875960,128
379,613,6.541818245233957,5.620450541666768,3.708440556608281,8.839844385754507,10675708,48
710,519,5.6824015286040375,3.6551594391117774,4.72948520151632,2.5859819827404724,11699135,80
509,695,5.9473239267130715,6.678569210790601,1.6934685517967702,3.8253763072402434,15417831,64
546,552,1.7195075609770898,3.548957629228492,8.64062121541457,5.97053758741221,19391641,96
180,677,7.137426874957384,2.164269485847811,4.165443532338153,1.3651525739931398,15207083,80
744,166,3.6535126778262814,9.287385024034288,4.6950069568851855,2.6807283583227006,18953761,64
910,526,9.938888064376567,1.9975387991990905,7.801352378732156,8.044467998277572,12796223,16
679,689,4.168359345347277,3.445479746272242,3.721277862676017,6.4603231066536155,11467553,80
331,397,9.870976845158232,5.124433573696157,3.2203368491001974,6.168614623689635,18237836,80
189,331,4.584383428725318,8.38692588707745,6.827412062157002,7.929800209381028,10530728,96
348,417,1.519429232367662,4.719340183597405,3.6879695308527336,2.5737160681987206,13909125,16
926,454,1.2678879021765703,6.084920869204053,1.9355697133462604,5.121235408094797,10887053,80
935,458,4.70796364713857,9.848056071239512,5.183632961826621,7.82795949500208,14294277,112
965,581,9.147142771689403,3.2507257243362697,7.645493843937594,5.6384362194690665,10846904,16
393,660,1.0347450832588367,1.4427872847119467,8.420798618272546,8.63081331109822,10010619,112
480,866,3.1234051976494746,1.4680019087912914,6.58292394383246,5.014764923969657,14945890,16
646,141,7.572806308370001,1.2191853202879392,5.82924679954292,3.202102920583417,12214671,64
114,963,3.4072899635146294,6.048177775039541,7.692344285837171,7.9278640371414175,13818942,128
502,623,3.176240582938,9.092910381287192,4.003794504717746,3.1988984543782064,19043195,80
740,117,9.278606904806527,4.507128491991059,5.288731890817314,6.137775410543676,19119054,96
419,953,5.824695404640324,5.1769527128450346,4.208240179516963,1.9959039923079298,18638236,80
837,704,8.709135494260888,9.123373866669379,8.14665969891571,6.6907832160231475,14213581,96
880,619,9.273702654799964,2.5519789745336077,4.921864892274408,8.936940837777573,11438418,16
531,131,5.561065505899702,3.417102220720572,5.40471620049564,8.154532056471172,13550913,128
890,441,9.399530709932415,9.302054972674833,1.0068474254669002,5.738948338590488,19208676,112
919,997,4.656417487342662,1.7059694086626456,1.9139836917990638,9.865241549480018,10555459,32
175,456,5.598483672415578,2.3773416945087575,5.40403835190926,6.5257287283574,13487717,80
743,721,7.328324099407677,8.587039154330608,4.545434878960173,4.903004860695404,19775255,112
793,473,3.185378878309292,1.7242885108502501,7.843770444036183,9.460119232579885,15935749,96
101,195,1.8979919485008874,1.6833008302094852,2.5859729754941956,8.900432764664988,13386169,80
175,641,6.75078020475198,9.145123763658054,1.9309555694189497,8.973173664047197,13113504,96
795,715,7.790553874677226,5.287934669090134,8.907102194271255,6.117076581811803,12933047,16
641,606,5.834739033707045,1.4306876815650578,7.831518861728542,2.9233954642879896,19672789,112
525,972,9.029604657848886,6.324802069339782,5.752055851397179,2.9297920147320538,17401443,128
509,504,1.6855337461927116,7.958480005182019,3.0401488238674816,7.45127942850606,17087444,32
366,190,2.0100970531375966,7.147384344557402,1.5508722382204319,5.966127745962451,14072281,112
598,346,1.97535239685654,3.242901302710533,1.7746498964806359,9.73499945196884,14164019,96
927,753,6.948753375983716,7.347033154206144,5.776380860762261,4.893452543940004,10843648,112
387,677,9.742345374433533,5.87219319161431,9.920426721630239,2.7944807672525758,15296457,48
244,415,8.620167833182581,3.4996467731950975,2.612752073116055,7.411818063397812,12441529,128
233,160,2.65464708686919,4.1390029381371365,5.3049880468278126,8.730878707807806,19343370,112
458,577,9.636636446338796,8.532339606809465,3.511308403204989,4.977792569428915,11387480,64
179,909,7.938779593459289,2.1025848383140344,2.6617391941524793,9.343286237417784,12829229,16
511,128,3.3322070728177975,5.00968221444615,6.875784202794859,5.754539213973311,11971711,16
387,371,9.236019956788175,1.1058194102665388,1.3088235669796264,9.40451484660315,12578633,128
521,573,1.5103137879850386,1.3457016043059606,6.520420107104409,8.162892540561892,19746100,96
731,569,7.279784474232652,4.472879184519234,8.115812182399917,4.159348956466492,14001532,48
333,867,2.6589619228744374,4.560342778300476,5.624951512952586,6.344450017876898,15549441,112
377,257,1.6674745815028233,2.550144356592882,1.1296574031452509,8.482896198096707,17379974,64
225,216,3.5828604269590225,2.0763280821084074,7.379728424069193,1.982626897477103,14161846,96
859,294,5.977774712836112,3.2514969770265063,5.630877320830158,4.353873488702816,16633711,112
490,496,5.436694466809687,1.4214532411886176,7.823949833086016,7.8885163551689805,17914286,96
881,615,6.327769259998412,8.815815168299903,3.3713062860744523,4.54124315552929,16014214,16
381,101,1.4028645605658494,9.347955759365487,3.885465202660336,4.338133824296925,11963675,64
103,153,7.124739636355171,5.949783517253131,8.536833179584782,5.134406910739574,13638362,112
472,812,3.3047274812131566,8.311230900673067,4.179577890623431,8.094028139881232,12061439,128
841,446,7.187777088387363,2.5964985245968077,1.9603354126983739,3.3371096477453825,15363607,16
865,592,8.517632500447682,8.899182208293706,5.6290070308330025,5.577989887871218,15596326,48
327,111,4.723740454308301,3.8120830992077326,7.144696129545773,4.150624506204705,18666124,128
358,308,1.2272921955690896,6.14667877357584,5.142226095107844,6.70664576342663,14321477,128
946,432,2.32998629002716,3.5737958089644692,6.173639772171159,8.540653029663217,12307646,64
165,680,7.8916302910735805,9.701786260932098,3.790697663813402,9.615754400907514,10306838,128
283,932,4.593881252455386,2.97130002655213,8.759655182565929,7.320685854655684,10171899,64
600,280,6.207858354290604,5.81643764971356,9.53325773982561,2.93424284630217,17238186,96
971,406,9.74901360000532,7.46174742130716,7.018891888689941,7.981871792411326,16828068,112
900,122,3.350763082212118,5.992581147661451,8.254647583122633,5.213572112119913,15237125,80
565,685,3.713507134194547,7.113025298967683,7.3441141339774605,8.647254499410721,12979284,64
132,257,5.248867985912828,8.091414620645157,7.936347397489943,3.310929799236107,19515777,128
523,948,2.021423610233999,1.945714095574606,5.4186583178596806,2.97723344108845,10773280,32
226,146,5.739718051835689,4.557493735226229,5.639143639189271,8.102327367966552,10293700,32
405,618,8.302334700482785,2.372505653900153,6.985698506766415,3.8432937132570237,18286682,48
925,710,9.27381069874164,8.525142142274625,9.10043817051828,8.953542232009708,11073235,80
498,918,7.643532781130375,5.810289216517818,2.340945977363421,2.673706741055656,11289670,16
562,822,3.9171222246259045,2.534013170566773,1.2947912966136603,3.1588583617992176,17048163,80
126,192,7.816468695353897,6.990188802267804,6.3561455946987495,8.367067413391782,19138472,32
740,984,6.977984180688179,3.0750660007683592,9.296363240823382,3.39725619181272,12018706,16
813,968,7.6382632927730585,9.696523513163879,8.768943829326552,7.482832139429143,12106573,48
275,855,1.8307345528264736,3.2425687201524034,4.935387845648664,6.149766156748482,18797467,32
984,289,7.444728454152314,8.269274437892815,7.743063152155814,4.905229888506057,18375144,16
426,520,2.6265927721582996,6.62783119343608,1.897926393890834,5.890221332078332,11034927,112
321,432,7.139783934411312,8.819510957150097,9.473320541660746,2.335985679459473,18854934,64
608,467,4.128103601792525,6.265534094789712,4.201265861802409,5.694536694486244,15283503,112
724,327,2.633661393304278,4.316542980502993,7.821693645321887,3.8876760202274516,19455818,80
381,988,7.2141729392081215,8.32286967312444,9.905299364765103,6.056024546880907,16174426,80
535,486,3.7119191257380746,9.144303720440545,4.75275010901222,5.171524823203631,18815751,32
791,985,4.068210963713472,1.7437958499047204,9.452982994267888,9.305684836850034,18921255,32
680,178,5.79565293086722,4.431562341077009,2.6454621871500086,4.190478809570381,15377668,96
114,686,8.83484778154596,5.041581099112271,9.637832631580027,5.979875465669562,14453519,128
488,681,3.6933236614266036,9.616084582756677,5.364440830313383,1.7751886893389157,16972788,16
535,305,5.71378058271621,1.6846480243295265,9.620112497401465,7.310026797311185,14481074,16
879,432,8.687313150884714,2.0057570644853797,5.270103112089645,2.3066826168167833,18273861,80
441,984,7.083894571238535,9.578581304335566,4.615351928948762,1.6449650548804449,13677363,80
669,276,6.740860674330541,1.2190796838819558,9.41298500900043,9.537252090606177,12979213,48
359,630,9.10683567541385,7.35040248167127,6.4366222864593094,1.4220792822017145,13601692,48
492,169,1.5859986643034887,6.258864356797471,5.608437170110323,7.297405288424484,19466125,32
192,785,9.69579743556291,7.565985558162943,3.730182048739632,4.580329187917515,11509694,48
955,354,1.3010363520534,3.626534229567617,1.9982649634097713,5.55799627935929,19736212,64
533,868,1.9869601874126035,1.9809720205905537,9.72149998582208,8.824171407279572,16392543,112
859,617,9.076324472516811,2.7901951355950625,2.678753313879802,7.982286635155594,11699434,112
967,667,8.825215309993904,6.570852595720937,6.0376536754907955,7.26765279637114,15074375,80
200,162,1.1641064382346125,2.734866649520508,8.62222200226244,7.263637206948362,16451039,32
791,737,4.098151017815665,4.670142892035155,5.590199091512195,9.884834234709068,12388007,128
748,318,6.22582541174482,6.2583288879784265,6.4513055069683745,3.9915711265645335,13631794,48
586,699,7.783655165838108,2.8703595274178126,1.8647913980252995,2.175348797128032,11873618,48
469,782,9.947308577316925,4.7522254677465785,3.9893960351789204,9.476033221689246,18351524,16
809,467,3.170820579345817,3.122554231427409,3.9223686243725195,1.192223338714752,18693501,16
264,778,2.7317784117864026,2.0250687142078982,2.029171539784112,8.961447362678197,10399806,48
733,564,3.1382281146561484,2.202593777459784,6.6793169546803215,1.5469900254623576,17413022,16
611,212,1.2036545012641957,8.299370080922706,4.575635648962262,3.987535695086793,11576867,96
762,650,4.23223197007107,8.708094071271038,2.1549381103204066,4.253719686559391,19193885,80
949,946,5.368371773816816,5.634210672800382,2.3444932835588537,2.213079574925832,19802277,48
979,436,2.0826984925504917,6.286898359371129,5.932732873612095,6.054555309904897,14863086,64
425,939,9.791429607219971,9.749271914081007,3.3026552123541304,1.476192231682427,17542848,80
706,530,8.632887533232967,7.809037856461152,7.91603415194447,3.712757151686249,18176264,64
184,282,7.2377160422710265,4.84420283526501,5.276843065558193,2.669051235382833,14235067,32
112,457,2.355692807821275,8.208228314899388,8.899859533898306,7.488660707116637,19149094,96
754,576,3.355519023375936,6.16348050411101,6.451348202838977,6.192242734901156,10996358,112
611,461,3.085550861832437,1.9052821605588273,5.1443257301164795,4.117220625826224,16485401,112
183,613,9.541309169972735,3.2088126572141946,6.665297910852093,3.8501546694240254,18595023,32
428,734,1.7508848729915063,4.371319068711005,9.00694945746897,5.014405993025401,18745490,80
235,504,9.216726498538689,5.354193113265099,6.2164327270634345,6.748981861334549,10854167,96
662,224,9.257283391407201,6.7062155591070916,7.5986491174702016,9.430531339052287,17759542,96
630,175,6.184818813289496,1.136843532353491,8.58076074501363,1.81310585079432,10186468,16
834,554,5.385236356309495,5.697981523246762,8.1081280670862,4.712530053977545,16101442,64
960,205,9.090255023756542,1.609547839493111,3.84862570488256,8.224761100492621,14360666,32
455,789,9.80433771195733,6.6339081963711015,9.539774183785509,3.5176216498644926,14292925,48
469,173,4.878309760110872,7.693445958464789,2.1155779055453516,9.012546110527198,17039342,64
422,233,4.629728265271016,5.281238040983659,2.2713290995541016,5.342174523200081,12601038,64
189,534,3.8651061284076254,1.9784823426270157,1.1234491250441196,3.7138404642001994,18208300,128
110,706,9.0439128307699,3.7157077943416095,1.9782592699627561,1.126374945336278,19650533,32
796,760,3.4543220677126545,6.916703731652326,5.490124155755467,3.269973509916876,11934796,96
198,559,4.8254094920609125,3.5134538923671856,9.590043081771336,6.375235388264945,15947267,112
891,924,6.806575173588743,6.319770215890583,6.756767947401963,3.9141120073615823,12885576,32
494,527,2.9366912917091095,1.749690691873342,1.9540630283284612,5.174256493785064,16259984,112
985,295,6.837962673323442,6.872316538514643,6.037221087540595,7.346725194041751,18029367,96
932,285,5.982473898380053,1.7683093657908462,9.666562787953815,7.14503951739215,12112663,96
652,286,8.37175127068523,2.5069739951845857,6.272604221697057,9.215291359386013,16127447,96
265,303,2.7237714588263096,2.720438485214231,9.463020154754261,7.755170537934423,14315285,32
750,371,8.796409945693998,5.129956312680926,2.5983210575235463,4.76560592128725,16508642,48
312,188,9.193518989794008,8.438223717400405,8.200977226953512,5.1467392321039585,18804369,64
357,143,2.2335997453607925,3.0888506629920367,8.009074106294776,6.722053948212078,11281695,16
371,494,8.16361727833021,7.797804756225103,2.5836723364789447,4.616582894108115,17757188,80
244,314,9.777148794295107,5.133984430919645,2.9462525083795885,4.4898895704475565,15614370,112
673,197,5.935890102355538,1.6091052550173168,2.3854939210711805,2.9712654257855275,17392424,64
194,513,9.45245337847296,2.5593534443566726,8.75241222429824,4.880727860104069,17065885,96
291,835,4.5391055732117245,1.4821407078525657,5.020019550397945,7.0197192873677965,11374540,48
253,128,2.096022031450441,6.111320893904267,1.1051460964211153,7.183845503495739,19514657,32
142,780,3.213962686590269,1.2211243270390189,8.797426710736023,5.821412183485645,11628135,16
509,300,1.8337681048054963,8.28948426363479,1.1862406445676443,7.616343929449243,11195140,16
792,662,6.427860908324117,6.009489816007759,8.32148863662726,2.009288564264377,18842981,112
913,702,6.4787942069327915,6.943677857642992,4.157966424056493,8.305311297559433,17441674,48
182,570,7.191935170702008,4.521232258126652,2.335410187298846,8.535372327220088,14649331,64
653,874,7.197353856431348,5.509855902789471,5.986364712921897,2.658147393420797,15579044,128
901,496,1.3871487714631041,4.59174209693693,1.5301194302021248,3.890223069573054,18515843,80
473,533,9.292166298097817,5.870158388955362,4.842545741772715,4.190864433418881,16817445,128
713,475,7.3918826577135475,4.143889870188433,5.111984221360036,7.865277250534551,16608836,112
609,351,1.4481588187530092,5.9081032811689,5.10154666422907,6.316043194518978,12470632,48
216,709,7.0541925602037185,6.262749346019413,4.052560285794128,2.391709266220028,13727393,64
469,912,8.658268017011032,6.425863526549332,8.275948027231685,4.313150618380232,14548678,64
127,492,6.310614812092606,6.964679367552717,9.01228765894417,9.112429981217794,17708573,48
707,490,4.076028166168566,5.2590143002686816,5.03223858471891,8.895837134201505,15079669,96
696,714,7.592959332063898,5.77324096884044,3.6990496961342987,1.8782918321892157,15663218,64
478,910,5.558703372264311,1.4014415141120877,7.566070677636616,2.858304106733521,16724949,48
943,197,3.7507048523862827,1.9124361387304782,2.2320538353424606,4.429212771182254,17952486,80
529,656,6.674538267660818,8.616853787081041,2.3694054120675982,3.970004903286754,13920353,112
693,862,8.041156212713641,5.977389038795107,7.037466086374526,3.10668041837845,13944784,112
780,410,3.2278503724502077,2.5419295042333037,3.9063717341870143,1.3611174364177592,10573101,80
503,782,3.6615484722328575,6.044026194609755,2.0643889238500552,2.1469174006895617,13509748,32
170,244,1.876683986475213,2.5798150330144023,1.8896887102196458,2.259164798673335,11973098,48
721,848,9.536272459035072,7.837849112818087,1.7813147793132718,1.664279335011582,17647886,48
139,629,8.928884869287813,8.587460506785828,2.8845671721992034,1.9798327373341635,16664582,48
954,243,4.622909640012914,9.364768539184347,9.287838713462168,7.878367582812737,12185975,112
994,686,4.9594174061440475,7.98486368733115,1.4552453006869182,8.564741224684937,16826292,16
609,418,6.585127212099961,2.622183918510655,4.0688554634450895,9.860880967044704,17119375,80
552,869,7.60004965905969,5.464866209050302,9.34504572421795,4.839230985237921,19443651,128
391,182,1.0684641440715779,2.201620150293234,6.451686587336809,8.921679534731258,18738918,48
562,684,4.827237058005395,7.7020719604159344,5.985371514140426,2.1224201216858916,10645615,16
138,246,2.3152009393126685,7.112152219702135,5.5412090160817415,6.0794329179060576,13783021,80
474,170,9.162663408893106,2.065435130778964,6.611509789592629,1.0437170639672937,12437403,32
339,181,6.999305793855998,7.987599385498255,1.5219867027777743,1.7804930999268485,15302670,128
244,820,2.3108226106739944,1.0673115375167113,7.996961158836775,4.23705270332639,11232148,16
377,698,6.205497860134435,4.8639891073667885,6.290801055628344,4.0715475101447165,11720500,64
204,547,8.648819133201933,5.013452098632253,4.812110386221931,9.080942833531685,13372019,48
370,827,7.474679542043858,9.86250571545163,1.342743199132524,7.2356971886648935,14665061,128
1000,313,1.648674936695969,3.5254467469443322,1.8487130207291054,1.3546950083575342,16995562,48
506,963,8.166637338399479,4.972032095371523,3.4406344687919503,5.731801247417676,14405505,64
948,924,7.577073227956255,2.042503582288544,7.394579607902962,9.950032482776178,13810036,128
861,394,3.078283857087287,6.556028061687815,7.378330214726626,9.421015908817887,12813741,32
399,959,3.3901574387750038,6.954965954577257,2.2446071062018,6.488820139578912,16934174,112
887,314,2.548871513876861,3.9166910464438955,5.352356028360111,6.868891459944121,16639134,128
859,243,4.032196651620266,6.403095486480203,4.50529602715831,3.760399765965972,10476589,16
911,721,8.308815994793598,3.19944666938233,6.926121815102768,3.512143728154165,15556820,96
704,631,8.158725914863705,6.400748481662914,9.265842724052895,8.566578628784935,18636067,48
440,889,6.193981184977759,5.174955222600569,7.7755180857828945,7.130547731908963,19188343,16
506,213,4.960564636073496,8.340379269036516,3.058827030371044,1.2591343298359168,14950805,64
853,198,8.073175428596187,6.265902632763744,4.339898154822894,1.081371648107719,18353195,128
281,991,4.923425989435921,2.2506567233977823,6.940019584004293,5.912329067540248,19579244,128
880,711,4.264343404544999,3.6497537167191485,5.731359361035871,3.8063404663096185,19116292,96
257,851,3.4221075102231575,6.045925462069424,9.44870089516854,3.608561240245627,16200026,96
636,551,1.5807133042707675,3.9998725353863875,4.34485979121933,2.186937672496413,19979055,96
720,984,8.515578192433836,2.816159592593465,7.095743577698424,7.754740914409544,17280163,32
340,208,9.299896130536201,1.4371929100448955,3.8036299707834527,9.917950100787213,14205038,128
116,791,8.18397296905665,3.9187620759312045,5.812245253261391,6.9808278606066,14731565,96
534,163,4.1420883914724556,8.669861697020721,2.468484316196613,4.556351473213972,16866089,16
727,612,8.06965354568638,5.677049955458768,7.099805277870416,8.310547068717163,14133564,64
303,682,6.979172780919767,3.327023478257404,8.255336641404195,8.402096627715881,18702482,16
912,371,4.255445010510693,6.690638138805696,7.902430958907795,7.567086615173115,16243334,96
452,153,3.9736510870627644,5.799361901573786,7.368367122824282,4.822863256990612,10299589,64
153,679,7.17058277275374,5.733903260176323,1.4588878057148462,3.0932383757150577,18384358,128
674,806,5.962365000630587,1.5359237052060637,8.44148849213311,8.198217693256158,10522600,48
562,484,4.276440916758846,7.869974702800823,9.849740430821901,8.150795299760606,18892354,64
534,849,8.352953769595972,4.957419546853883,1.8323651023080285,3.989760316094519,16520674,16
487,437,6.207461986624792,6.753792462373538,6.506649912503849,8.14379506416082,12064520,32
806,853,7.187019135866829,8.923576194271085,6.308681384007056,4.339821717625667,11995156,112
968,341,8.779864572017505,3.611776996494332,6.143654993032863,9.907598751181533,15880489,16
456,492,6.279102190842722,1.9663284448208782,6.74397435372158,9.343197440374034,18975162,32
665,950,1.6949400813856594,8.383343081281183,4.981479563500941,7.400714444928932,16137648,16
390,717,7.481661379619301,5.983529527355566,8.746267332477727,2.5484543231727033,11939179,64
660,874,7.814901789190997,5.69018345407803,3.0420594153276603,5.744146290084071,16160325,32
587,698,3.638291308630573,2.2207723899878595,5.506338610603334,3.2003113974359234,14502140,80
400,673,4.609038554221664,7.904486808047606,4.728216173759881,5.841461817164279,12868222,32
974,624,2.0475115736931646,2.7819282015713203,9.808034104607579,3.5927922318059373,17599829,16
318,125,3.595703330677562,4.160585574714807,3.3928942295459663,1.1934214090513857,14726874,112
295,980,2.5530332713584736,7.0759664316499125,6.6947582090672295,9.172219517693339,14636348,16
486,706,3.404266094928025,9.394333202588808,9.674339524125314,6.649276849028726,16572217,112
186,918,8.205592861882288,7.278218487664991,7.503333516185448,3.4354206196417567,17119978,112
479,739,4.86183392072613,5.928395545702479,4.794822791730676,8.581818827951556,19348666,32
842,592,3.531430708473342,1.7837314496136076,8.537165637371885,7.734393509628081,10346697,128
549,986,6.807434547526286,8.969832512970871,4.178935784355568,9.11339558870494,14474747,32
930,429,6.3481404300306865,5.749757363802749,5.9074393502825515,9.916393723005141,15904269,96
436,799,7.374156987986211,3.7171206713320704,5.555890949017093,5.372410689915071,19888947,96
394,687,3.492915420190817,8.783439538474472,8.62565034168392,6.476437288937696,16677150,16
596,544,4.538022488440536,6.856926955308419,9.900333424547084,5.218265160882052,14540946,96
112,734,9.926870118541963,8.486066168660487,2.7865914390965365,5.7329656310065245,15892630,64
605,664,3.6613870877649872,1.0402325997632684,6.946813734419118,6.9425081268342685,14963935,32
922,801,5.329755355930789,7.356499420357689,1.0227112191919634,3.419595446131017,15779246,48
950,770,3.9184060507577083,4.140273328049082,3.632342752458508,7.165673107201323,16535210,128
136,598,2.50868609102968,3.6969910414424927,3.9451267077829444,7.449477329344747,10721302,32
920,438,6.21170522370957,5.214571799827105,7.502565994643814,5.144833459274511,17228413,48
378,382,1.960363109440035,9.445468077726522,9.242161558320806,1.006799658128093,19512856,64
403,785,2.478563689856988,4.94180027990134,9.428679330905688,9.63830437543894,12876503,16
702,531,4.2626878752106965,4.17568410170983,4.232982456856884,3.9008815461628155,14829874,64
588,526,9.136760312415156,8.18791287039048,7.165812819767286,4.983443788939663,17813419,96
267,797,1.403997113061977,7.954299969346349,5.233895068897443,7.034977503928778,11132643,16
817,852,5.8745713843944465,1.4130220303744974,1.246563908817788,4.232802117879546,13701181,112
401,101,3.0194309717430654,7.4918723163347485,5.003120708191199,2.6064696395303186,14152262,80
384,308,4.736755679625382,5.156282248406421,9.925320991385616,3.5642344243809188,16111601,80
627,313,1.4020607019455467,1.0086398013585753,8.393643576902553,9.654898798907151,13499261,112
420,660,5.8391738525676535,9.574191329256033,8.870049434005058,7.759990360996398,10154194,112
202,890,2.963050443582828,3.9235571129019755,2.8661009202693926,7.70657444146587,18034103,96
761,400,1.1694192264083751,2.1433556689716315,9.947031172880717,2.2694508904946593,16654061,32
877,584,2.5665410080263173,1.475098085839588,7.571270355138193,7.521706922229685,14232123,32
133,508,3.7080685081829277,3.257029398927873,8.229990504101607,9.852013427988425,18585985,80
782,575,2.253074215692076,9.814726121429185,1.770158948058116,2.5496966212160537,12674837,80
747,344,6.1879259785701874,1.3016224750709038,5.602976015213683,7.44493164331441,19126340,32
366,773,9.01510189199889,5.049893666350895,8.867196338001541,9.850602745204267,11050178,80
995,885,2.9620367718440495,7.955582135313563,3.4717880187119357,8.94232981382358,19583349,16
331,878,4.600179213996331,8.080718790144129,2.7640471408395215,1.0041581787635048,10956162,80
570,628,3.5009939177231355,3.0064250389925764,9.3855106603814,7.136946107227655,11929297,32
668,779,9.077919895182553,9.358823003477914,7.876198116529774,1.0065591881747489,11989298,80
297,279,9.57842405139259,5.706747662830644,6.823968477154856,8.638490324121625,19962655,128
484,928,4.227716304219621,6.5910400502217,8.178999188426051,5.8902404386882585,18617783,128
736,493,3.1187666377303898,1.0073592708545722,9.017613429405877,1.3520488024680546,18103935,48
305,360,8.878047588136177,1.4608265790222394,2.4103243971463657,8.390251184676439,10729444,32
471,960,4.5029878135025605,9.341417992803073,3.2269891172070775,8.80025062235913,14406155,64
726,395,3.3079261117454175,4.143449425275715,6.665243234011491,5.8991334847832375,19432856,112
195,231,1.982691884711517,5.166279967160909,7.606829280346323,3.92503132163004,15408383,16
591,738,7.95331746210916,6.15930368028548,1.298335347169508,1.5315640147352954,14270077,48
419,679,5.366824792626069,5.391968724278894,5.35293966862359,1.8526583511008552,13106977,64
390,345,1.7461967285889535,8.511057740831587,3.8652627474422987,2.7722923982033527,15998502,128
622,397,3.1055626064360062,2.9847573795531734,8.553276740047833,5.651436346094113,17643564,112
882,386,4.46946764127201,2.2678250477536253,3.887581738412906,5.853062922745892,15308268,32
304,133,4.077559018430114,6.809224562392432,7.060254380427342,4.976056297859346,18981053,112
775,216,6.716227932860075,8.279680849880116,3.360565220854218,4.741826275692775,14767572,48
468,495,9.6318732124918,1.1827740913479379,1.827083020229888,2.2789175295997897,18642318,112
396,103,1.1011951465706211,6.563338314415757,5.286919242439475,6.021763005708577,18268814,32
129,472,5.620707433666595,8.142781782943683,1.19302576044565,9.183590999487462,15709458,96
211,818,9.24202210544964,5.01076863091626,1.6233052803740695,6.378192137623038,12074599,64
991,414,7.794964207805038,6.206566675088624,3.595265043200291,5.008123883452453,11580251,112
306,244,8.066393154591866,8.544218341038386,9.57797056502623,8.38769512519157,19232098,96
563,800,4.252553736163128,5.920605526315015,1.0097329933103594,7.844217633426886,18329047,48
398,941,8.215602790258776,9.084833779480956,6.395237498459785,9.67756028202024,11015745,128
732,960,9.006447271374947,9.458177146198132,5.448970471473426,6.6242819119853245,11518633,112
362,410,7.620516050924671,6.473511088329876,5.4030242205868735,1.631879949779591,17815665,32
979,368,9.357756943475366,5.527412217066095,9.321348287506288,6.169324051587932,11838945,48
622,956,9.009922394241606,3.2883172142487376,2.4796822126613276,1.3173123001432803,17372628,128
930,593,5.4968757582797645,1.8498857707682426,8.97184713725934,9.712691791391459,13237124,48
986,423,5.526115687428854,4.630020668238671,1.9946350070894483,5.640652945026228,15619414,128
101,932,4.833725096765959,5.867145016339086,2.7390781385045044,4.762117331850053,15298456,96
507,997,4.325176201852708,9.834212843275171,2.9648326773509712,3.6364957933602415,13116227,64
907,416,3.891141736376682,5.117765870953337,8.641781627875872,5.77145919288563,16869094,96
467,714,7.948009531914664,7.206479332716573,7.7977438173052445,4.9792580671523226,14171886,48
311,632,7.211450126916924,7.866558338095568,9.977703598255415,5.427176322783482,18232193,32
319,339,4.1601009639881665,1.7887929641771603,5.809837430998053,2.881475305127512,14808176,128
241,555,2.845754518695532,4.086005361963883,7.6554750936932905,3.19350878015067,13747793,96
312,334,2.4006293058392405,1.6467842807842936,8.545461028769363,8.243998626909988,19307757,80
301,862,2.4156566899971907,3.8220827356332117,5.647692602802578,9.146705955783348,12989814,112
163,555,3.7163701767563464,2.4253880154770715,7.702948283717867,2.127276689294402,16548431,48
104,290,2.3901911671912064,5.835610822811232,8.633649744516774,8.569055777334452,10951167,128
954,780,5.784449685682668,6.101722852936804,7.028700235107873,3.0843504974231264,11032936,80
682,740,2.5544426405900333,5.240865703473968,8.447776011266694,6.445364152177314,17701680,16
719,798,2.577395271139438,1.4342166439584383,5.605838583553191,9.004946931119512,16572974,112
928,180,8.725123807563985,6.954321295818164,4.503357350271444,1.8213874897300515,11830802,128
473,602,1.3924563035499702,6.306095452072445,3.2014094980563876,2.958252199297796,15971016,128
177,691,7.805791980702997,3.8110483058023843,1.4622895290805455,5.505748539317762,15009433,48
203,713,7.18465599211227,6.037525770029168,4.740103900548006,5.5225005979157,11642817,112
267,180,8.46770677868384,2.6272123079708183,2.3037208877471205,9.331639927162719,14349220,16
955,415,4.074941073993581,8.459635748673755,4.2087384786715765,8.479819868335632,14453349,64
518,178,1.5471245731602088,7.230774207032874,8.081697061687295,5.098806036572537,16599565,128
522,653,9.988885332728568,8.643558856022741,9.869147702526465,6.198574577944121,15469076,80
693,772,7.650280407301893,4.938623292723481,5.658102998290163,8.590216283744203,11553285,32
279,877,6.619116545599753,3.0532542276899264,6.7402005547327,6.1004357647522145,14656088,48
837,287,6.297574178023437,6.11886046135098,1.5230008275786138,2.2262299645289025,14100252,64
258,893,8.628070312156968,6.392321199824181,7.343487478894149,4.533475080556418,19557457,32
370,461,5.270345645647392,2.5209927679985125,5.620335626749514,8.397243518032537,19644957,96
165,687,6.128530443281695,8.96841249627068,2.316917729728164,5.2538333133992765,10097572,112
371,658,3.6880119247362124,6.688324509266085,2.3213563511484225,1.7297054750996628,14109194,80
605,389,1.175035916957023,8.901881671306796,8.242497474469683,2.1502247000246566,13791699,64
738,383,9.386944695159704,5.541081756378047,4.561724355889624,1.967852903595103,17328564,80
549,451,9.187094358832125,1.6468385315637755,3.8460452718887153,5.813735942643372,11616506,64
175,623,7.96980550797056,4.5615817083229855,7.72034468246657,8.568779519749373,12921888,80
111,955,2.5659680785857724,6.85438261355552,3.8760721766503385,6.3433741020370435,16019531,128
851,383,7.904302170799721,4.126212695275193,3.035961112048274,2.2420785528186777,16929390,96
654,816,7.4553174154529245,8.899499306875251,6.1712665410237575,1.0780990025960038,11626569,64
135,237,2.557875517730835,1.0365969912993682,3.296320597203576,4.515566505159331,12826624,64
938,611,9.38168372359666,1.7424595081335954,7.243292366657329,4.499890632114992,11753477,32
607,861,9.510634744722491,7.597761855491129,9.790015320361686,7.466644728611738,10762503,80
324,605,7.409447421877886,1.5354494510058665,9.723315642159301,4.929702213639601,17534271,64
670,425,1.3290182787649778,2.891740786518089,4.4620427097368855,1.346364138777035,10552073,80
275,867,3.2530969194973895,9.544233976611066,5.916550264111301,9.536076157040286,14715322,48
962,1000,5.348076188773682,2.2259676381127913,1.323621576541575,2.850537465511356,12318559,48
925,992,6.588678985990459,6.982869955127276,6.857443175291095,6.682600510538682,15133029,80
804,811,2.8726264227086715,7.35351612424324,2.8298126190340596,4.184767452345238,13552478,48
530,669,2.1835529137849274,1.8682868210030432,1.5038037194715068,4.253508335670219,16035186,96
507,730,2.3896658764103527,5.4018894935365305,8.552926565251632,5.101835180128932,16456872,80
369,720,2.666339972010241,6.027999067988466,9.059275305766356,4.675756123935288,15983785,96
842,925,6.87660020441559,1.880745922563806,2.9956207696569943,1.6896770406837818,16393228,112
129,404,2.8604246276664047,7.781983395275363,8.320714286907371,9.389449164894842,13210376,96
729,925,8.766544192093546,3.5418011625070087,9.589073467601272,3.5500638409132037,17391119,96
324,180,2.006515763165086,2.75635697332257,7.405575254123378,5.919937072107939,15175624,64
555,243,2.1248931583038386,7.547124761594667,4.505467631970581,2.817300838942202,11336848,32
892,577,7.75849556248877,2.866366879348028,1.8108019476720245,9.80007471014901,11611445,48
237,969,8.044611552004358,6.387715138152121,1.219946360131095,2.078866765348144,19583756,128
845,745,3.334362205398123,1.801709855826954,9.740471028649464,6.931936937393706,11636457,64
202,915,6.738594908155694,8.599990529182005,8.81810422913543,6.314002546158606,15375383,64
822,717,3.115551858897802,5.183498001255523,3.120763544552517,9.934994912682587,15566532,128
140,466,5.166778286077454,6.06785734645368,7.837687145407349,5.9148603775965,13210356,128
428,922,3.101607349915846,3.772693398870489,7.118352374596524,1.899692220166033,11484706,48
593,345,3.696442179419061,2.1381885271047856,8.334502291125666,6.010435455483898,10461625,128
418,883,4.702577237769497,1.6315197024370853,1.9623447749218164,6.347718998345305,19902593,128
113,267,6.726639297607601,8.559588892092687,2.250292045044209,8.731027109688522,11576245,112
327,145,2.8581033888733334,9.259481072637957,2.216538124762587,4.208066213363833,18186304,16
700,637,1.5743353260966353,1.686528702805937,1.6159275889598967,1.0809635911033375,16291696,96
790,822,9.87792601775818,6.966975826955388,8.131122065007165,2.0390072012183156,18739434,48
881,729,8.5938834438285,3.0204167330646046,3.6317394151236453,4.748817803386171,12988071,16
551,245,9.417837534737837,5.471111644081691,1.2170781025581476,5.333870982219524,16728136,80
451,322,2.2784370192137153,1.6306182265231683,3.898316659605225,3.2677445697077196,16511737,16
338,938,9.039022702375133,9.826730220359993,5.0321675015125855,6.54957248893512,13519494,64
390,709,7.050203007149646,2.518444302083598,3.909517417719086,4.45618021476824,13093120,80
344,419,9.056729379314408,7.546472798640216,2.8638967964857036,8.114668939906872,11954376,16
355,926,3.3520816706766783,2.7142903628827724,5.271592107523838,7.387965094564916,11859490,112
630,982,1.2057102001299724,5.5874189500496305,3.2198801368979924,8.033774277307778,16141496,16
328,748,4.149990428376861,6.997270446358013,3.70937626551493,2.477073391665315,19502044,96
795,418,1.9289188448541195,6.11529607262985,9.125796796394173,8.68175651199384,11049949,16
337,541,4.062174371522181,7.365290497923793,6.847065118375093,3.9790139933833037,16805434,64
975,128,2.3425103434717442,3.5409723782161087,8.841954480557753,8.233791728197627,17673668,96
582,159,5.214367185234819,2.7485209004076907,7.257764382444687,8.763253649846963,14048713,96
271,223,3.48788247009485,8.926671477432288,7.860891713651011,3.628625457594273,12652510,64
874,730,6.575630322392439,6.94662958529347,6.881550853227193,3.5999399958793394,14163746,48
677,283,2.6696129066361642,3.882208910945783,1.7002660858121714,7.868875720391661,11107043,64
546,489,2.993627758379789,4.0175464613095375,1.590677729351175,7.547088056070725,17447651,128
349,495,8.158001961574692,6.9235489028671955,5.9364094381592585,1.2174398574617116,14761365,80
386,449,7.509228936487576,2.7397969653378293,8.538459638096842,2.398117019187062,14239003,128
801,679,7.0002684309094665,5.4179500029170065,7.236989754196565,9.752723124881893,19249026,80
686,761,2.972167215314585,1.9746429884468142,9.869698937160965,7.212529028679145,17052498,16
655,789,7.225961180436722,3.9400172952420602,9.193980999561665,4.774261895037184,11028501,80
509,355,7.210079289560559,2.73014513976773,5.029607373586711,6.923394315517943,11859577,128
216,554,9.327693200167042,3.6081542495611623,6.215554212660775,3.052374822575563,18828058,112
324,282,2.575853082665487,1.000856992008289,4.623399627548934,4.445111299361919,14841706,48
912,488,5.9837724939503,7.812935080257382,8.883301795302316,7.266898757589969,17565715,16
499,548,8.432978282440406,6.256906026798229,5.22950513420009,4.429845638715621,16330937,112
694,170,6.80588717400402,7.420990868630044,5.321070526612493,2.18771820516312,12651721,96
253,695,4.172918180648775,3.121182554190218,1.5255829073878924,1.0678697438467724,12351812,128
765,740,2.2543867720305677,1.7013333992053985,7.532432365659483,8.072214775053055,15420309,96
449,573,2.7704512251185482,5.613053160486249,7.252992222333539,3.119749119761217,17538692,48
505,206,6.648180232814074,8.316317120672922,5.726653499559976,5.39079704779684,13784904,80
486,336,8.963690877020145,5.811827927378502,5.23757332555387,3.894495787820009,12965803,128
831,143,9.37101405887816,2.45343301849206,9.645539439574723,5.576418370462669,18683828,96
463,233,1.815401478299612,1.2919768288552416,4.816492205555589,4.968431531190912,14661480,48
529,686,3.0860949146041268,7.899729525324975,5.078868844808961,5.646298842136488,11752510,48
984,156,7.772636544232796,8.612433067783467,5.288812271334645,5.037131328845007,15567933,48
206,188,9.780793544495086,6.968633582082822,9.968332371002138,4.618116916289798,15970979,16
228,732,5.452053257374121,7.562839915392132,6.680722733420582,6.269668494310461,10584701,48
879,634,2.0480465573706907,8.762342561232115,6.337055671526147,2.8303454972707094,13176210,64
467,733,8.79049246159724,7.786634355725608,1.4833735504142138,1.5752668825097147,16532762,32
134,711,5.589854930904615,7.5630519961103335,8.243811315995195,2.5069173129394198,15507074,128
889,434,9.47481492115186,5.559437394229995,4.381078739421039,8.04258069704943,17367882,128
385,749,9.105105262318832,2.936792270834627,6.676601764929369,7.490756749617911,12567373,48
226,821,6.832772743330458,7.292214360562792,2.4973283824058568,1.4901093962862064,12421285,80
906,114,5.7210520180539195,3.909207282992237,5.338683180706208,6.741837673757626,15333973,16
985,962,2.2530162850229445,9.857597907315789,7.242621252076677,5.964539945568632,15425834,32
295,797,3.0033671551024885,5.083789346812538,5.778303522636344,3.6878524125210217,15339886,128
227,699,2.133150841092215,7.971544047102469,4.62956461406622,2.2707942518889466,12210074,80
986,819,9.688024668900592,2.5516802027587895,4.022061249384241,9.822788147171396,13800593,16
703,738,5.883517342009053,3.206137735524037,1.2143561281838848,8.964393510159853,16176254,128
363,974,7.643625905269011,7.916083763238674,4.34039247694527,1.3929986656057087,12674538,80
755,517,9.375961264890993,8.412456590858934,4.377292564979948,2.1955980029059856,13319298,16
902,482,1.2749135599579877,8.555670633900974,8.215730198888728,8.507106428306251,19859216,32
342,715,9.018614567096177,1.3293772564403472,8.48852872967408,6.538484510534796,19740936,64
646,398,3.490686481952141,2.0608996670828317,9.54429994955055,5.809044221527321,15558836,16
482,847,8.931435113702662,5.946242942493503,7.897313952303278,2.2242556606559187,12073696,80
480,194,9.901439121560607,5.287564985343145,4.7352462946568075,8.127375973300897,17065729,64
293,889,2.9176376131408976,6.4355034552656045,6.387302544113187,7.769042474862318,18860810,48
215,382,2.962734040191253,1.3285215060235298,2.5397474425721107,3.085089621710411,11118220,16
801,976,6.925194037653898,7.554824906246527,8.272915662112066,4.034111355320543,17640924,48
864,855,5.776893459807346,3.9918051028485952,6.753987770914246,4.98696818811861,13917543,32
853,823,4.875068730360013,8.257612892696947,3.3563467846377217,3.168870079226898,16774893,48
459,845,3.908360527765253,5.669536007799615,6.702038842403408,8.754081811813165,13401680,16
885,103,5.47064261532599,9.60864843490567,3.0765930839298945,8.487367019325404,19885584,80
742,570,8.518445555903641,9.031563122853333,1.1238796427224718,6.788122142371782,16944687,32
869,221,7.313117420254977,2.64442215926803,8.112635366304382,2.237027231919055,10530158,32
640,853,2.2307580828550755,2.9358998149682396,5.497217308601408,7.339176723240688,19226542,128
330,115,3.0219438252950255,2.3261858883902784,5.3860653602314,1.6923745539576325,15240231,128
104,898,2.7046688468746143,1.0139890176551223,7.378825169926416,7.403548764873705,17326280,128
132,736,4.4645361565761466,1.7177243529242927,1.8423616695232465,2.200720167636783,13259925,80
623,777,2.705870634752025,2.73252477587363,3.6802171361547598,4.354941935729865,14884356,112
941,540,1.521538072710995,6.822518390264409,8.527825734948788,3.806538490759569,16777923,48
817,699,9.813407019783286,9.03814677133627,5.194962011745101,5.236985880524571,11739608,96
999,260,5.693637718029503,8.13979002530214,6.157253488591067,4.221355256800077,10221866,80
275,601,2.2006288275090675,9.290812918865893,2.785426752328852,7.715955562376798,14643797,112
480,926,3.968052236496148,7.2249490520078545,5.996320825871049,2.02031906300131,16164776,32
523,522,1.056884683207221,7.709023849065341,1.1040180448230945,7.944865732739081,13945029,32
857,246,6.745311798764091,9.490101849101476,4.610233187643949,6.649637823592405,13549076,96
656,998,4.7588316408090074,6.780450286213831,5.9733575053290995,2.7400352242120585,12986514,16
586,657,1.0067983000089746,6.406004237881598,6.045581843429906,7.111093442760355,15882762,64
226,631,2.0992808542244834,3.0404592092064635,6.256621752498689,7.102456795845827,16417042,80
534,676,4.687750112317886,2.662412099832154,2.0139867994846297,2.449277902790519,13569458,112
880,267,4.7219015484129665,3.009915055200958,8.32417029822105,2.8708509302730136,14885441,32
736,555,8.036822087556875,3.0762864693106193,5.316044278393621,7.622634472785929,17849740,32
858,784,8.65884246666442,7.865878936867287,2.646292605817028,8.344542673434018,19860929,128
232,407,3.9943991108879056,1.2237734266933833,1.6731092398843699,6.896879996681979,15184239,48
575,517,4.480962074569185,5.046571061048231,4.1040071335853785,2.486337978135677,15575609,16
765,696,8.117251295218576,6.859494608744885,3.233274279946621,4.3987081706188285,16576604,32
168,439,3.7790743941596148,7.956983341057585,7.046778575418179,6.062280527212875,15851446,128
750,373,3.3675250115474467,9.626308646594417,9.382169003925865,1.0317211074830952,10322001,96
721,869,2.376601215707999,3.2964469730925288,1.3503737846015593,9.943725299267438,12361274,80
261,973,2.6167655888910453,5.49308675283707,4.728161047759071,9.6626872229033,11197697,128
650,969,7.089734525741953,5.896418214847079,5.333509248443988,9.659284825131587,13651418,96
351,636,1.5568661517624505,5.974224154140317,4.815365591271886,2.1794077315889626,14021278,96
892,167,8.251987754078899,7.5225531320895636,3.1027116754128885,1.6163007508277027,14616460,96
379,592,4.128530637566349,1.1716302650134065,1.8590171035081218,1.6020602266987132,14323377,48
202,174,5.473662725564938,3.7029224863612975,9.18756968246965,7.375364790143779,16737919,80
534,202,9.047607406445442,8.334905196150121,9.552860076097158,6.832011700403756,18416850,112
872,741,7.824473442697661,6.291964524858737,1.3908817156766466,5.028156740681459,12017831,112
696,280,1.8798184878726083,1.740835175684877,5.0416466675862655,6.449932612889409,18773810,80
386,277,5.526154122696575,8.012729000951847,9.268696725876913,5.47597963772952,13472517,128
737,741,1.8529456979578338,1.5459002087415272,2.2528994947750887,1.53206990671231,14222352,112
150,547,5.550143315228352,3.5387824592569346,5.0593569094171364,5.334291328472596,15706749,80
641,743,8.531508837085521,3.2756722051329437,5.269008991144939,3.9852507056842517,17989725,96
479,410,5.662226779766356,7.407600869390916,5.111552727946477,6.724352806409597,15188454,80
333,182,7.9867009666613455,4.390284286758321,9.001113988553884,8.013437417223159,19218895,80
880,173,8.499422505793667,6.277617010164116,5.2199722295563555,1.289762395001342,16005905,128
746,451,5.492992090378956,3.2354552796026756,8.066872940834449,9.293310108797703,19929377,16
414,897,9.124114737098354,2.365219225475185,5.439214905287569,1.5796988469967959,11722729,80
568,693,3.0046940008222593,4.753534210445183,4.404671131278461,9.890716565018376,17255055,96
419,596,2.159953619202478,2.937966441791914,1.1980061790037808,5.584001097140385,10391043,80
152,739,9.745278780584895,6.7857728405636895,6.5063756197619345,2.608809784729019,13227654,48
860,189,5.718475139514403,5.675700345350485,6.753538585080806,5.729148404184009,11201160,96
676,523,4.192313826923127,4.413926374666705,2.9270772914110816,5.5729979857700345,17740692,48
449,107,3.000594945001043,1.479084923987108,5.880554935025917,6.667579112749276,12206824,48
897,109,1.1386951935646108,7.997187692074511,8.105400734830814,3.677902580340487,17554381,128
442,233,5.441969797045368,9.079165347930152,6.630871377325593,7.4594391185087385,17488935,128
153,579,6.820953832859216,4.514459182531815,2.8785715389319466,7.327423396525377,10989878,16
782,881,2.771421678533671,5.191707391869566,5.969769379241568,8.176044432317358,11807542,96
919,579,7.126659026414155,4.10560390751478,8.269569708486323,2.2741299304332676,17594820,96
341,354,9.878253142698362,6.423522596611466,8.000011951181218,4.728947569848632,16679391,32
746,123,8.186426544358142,1.7088697344850277,8.70432305366753,5.926918040325376,16898641,16
884,820,5.6239172541474005,5.0058248831932906,9.617280236439262,3.459378594183166,15626160,64
194,202,3.217054910274479,6.398086030497282,2.42353299436615,4.001898022745678,18994737,64
271,291,6.097143239854386,6.52855271914048,9.751382643666586,3.759277570901341,13256200,64
627,689,2.7680645774420576,2.5649878047395744,6.395170695967574,8.093568442581137,10996115,96
812,561,6.503407777907952,2.4394422385457903,6.933505475675123,5.602704023724669,17085650,112
477,244,5.885115474649265,3.152418398497122,6.286242312409611,8.148088005531967,13888867,112
474,748,6.8832106655782495,8.643351500388292,8.576164691868868,2.6786470181959032,13288081,112
757,758,2.977897349129427,1.8266379635698864,1.963343528510348,6.236317001668875,13946757,112
738,412,3.890370846480747,8.101263733502837,2.2317020451656213,4.171991682337757,12961514,112
645,374,9.215127227001611,6.8332957836428285,3.36780158788251,9.459612022651001,12193073,80
764,430,1.72850146495112,7.376538395487743,2.4888930253605888,3.4217322221041577,17872013,80
526,468,3.932459938375493,9.508977619069876,3.2412403024374536,9.94299576085734,16300267,96
871,267,9.427541510339527,4.117006125181867,8.537953295966169,1.8812556622022059,18250780,112
643,349,2.9639402044099694,2.7218376034463057,1.222866544781247,7.624972283727142,12279045,128
893,785,9.111492821043832,9.093858767601004,8.632383658262674,6.83119383241675,18414895,64
504,434,6.597474784236747,3.8506405418330996,7.683129404727529,4.875707706792952,11354958,80
735,596,3.967901251954231,7.7187101598310965,4.331720033584375,5.8813261457426265,17126924,16
418,696,6.688930905007652,1.9577913826592788,3.612451242846363,5.324209993854709,10900855,32
115,758,1.3616225588552995,5.677161676429685,3.9436220277505702,1.0703316066735853,13920460,80
479,470,5.094582345228263,9.700951061094097,2.2935212921919943,7.88617078186187,19356279,112
121,443,2.070278915748152,2.6903349466504096,7.895008357380055,1.2650195889755051,13186341,64
660,255,8.25783898269053,2.5708280009664084,5.709981731812427,1.6888352720274649,12873941,112
133,991,3.703525338405485,6.32367218121962,1.2723774458832247,6.595747022278786,11694426,16
101,178,9.791263877955904,2.364646658076876,5.333145617864492,9.140152723492976,12583336,16
500,654,9.160158674584583,9.362632788828433,4.977540677931358,2.2312182997752594,16978415,80
614,617,1.4067845196009454,6.155955445236788,8.976345181936043,5.128582590276628,15719139,80
101,168,5.762114525414503,7.606050147859284,2.3181350813082644,5.2860449290946,19560859,32
401,914,7.050560837404738,1.9352866618465456,6.950796129504279,7.262473915072399,11917332,48
876,239,9.637944133512088,2.0724032623758104,3.6189034753975404,9.106222102969681,15209756,32
325,267,6.360507420230395,8.341792557261208,8.534120590109495,4.863628188362883,13838088,96
232,464,6.742158209686387,3.5609949235628604,7.660268854594995,9.243471519651138,15420513,16
582,820,9.214205547525818,4.125507554895709,5.689471919769941,5.865991333354919,10057649,80
953,194,9.508851323184738,3.118138639904778,7.122859229993445,4.212938046438552,13659139,112
335,523,8.869014858395389,6.9677578824813855,8.27823814198206,2.5196891907129584,19442252,32
904,525,8.707961181214962,5.586941469984316,8.314536725200563,1.4030099869976251,11054515,96
906,922,9.085834467013225,7.4812882819206425,1.6083803620313837,3.3325648046778547,18467298,96
391,656,4.463965610274377,8.787223948610665,2.4437088938395095,6.888867772226652,10518773,96
814,609,3.1593357211382864,6.462463993407425,9.954139659527108,4.594114661994437,19689555,48
976,870,2.0714645818895208,2.898317881452432,4.455747403282395,3.6449214035911917,11079154,112
945,758,1.1530768001277905,8.237574342762692,7.675754838895906,5.668117343290614,19798081,112
615,498,9.80324543231875,9.738838631909818,9.72116864398273,3.47907367563055,13909359,80
459,642,1.5685138967278047,7.213504743653523,3.867836372783355,3.221948715983336,19515115,112
181,731,9.99639038378628,1.0951698812681308,1.4518611952762066,7.900832225967281,12531275,80
633,631,9.774051099342184,5.884145554580017,9.686535010126429,6.819744317793426,16265396,64
188,684,8.703438237807578,6.416842457912226,1.2172507376111426,4.829249515025511,11814533,32
535,761,1.7695907671859086,5.054484130245646,4.706488249974931,6.93064882902662,17054835,96
699,883,8.98917385943361,4.910492437009351,7.115173787289014,9.83109114223513,13539592,128
608,246,5.637796673572324,6.559083597744038,5.587016187432629,7.310593863688687,19165001,128
542,246,6.096476617601792,5.420704135857819,8.760012681045778,4.382407232088973,16830572,16
185,836,5.669296465572831,7.028833441984927,5.318648218671241,9.276586390741448,13321671,32
551,406,2.2189546972914647,7.764755659170412,1.1150633684221587,4.8569165146101945,13217876,16
440,411,3.133161495768442,7.486867299615865,6.499589204574102,7.38911417532344,17387391,128
584,603,7.086538099682161,4.767854262265381,4.766829672646428,6.257163017746639,18212310,96
816,148,7.339056578301357,1.7643620861407876,1.521279893618611,6.188024147205597,12371994,128
630,330,5.175290757224583,3.6555828921601496,3.506055533121443,2.254314535574195,15904082,48
492,627,9.401649968811828,3.0569544175889938,9.558580007366741,3.9984089949979973,15001816,48
499,902,7.408361352549029,9.301323878606901,4.022670245233622,4.347402421048557,12111956,64
135,497,3.4353640078977588,2.032753572588767,1.5631554478796976,6.717049352408377,13120512,80
453,280,5.034987703922308,3.9930680368836113,2.3005650475185133,2.51279839256054,14792920,48
516,306,4.094281657356724,5.167427804744112,2.9170992540112204,9.301995502435943,16827487,64
229,666,2.3559242576786614,8.280117629519129,6.549866055411303,9.53575569426202,14474161,16
572,974,5.709368046656251,6.5101968765011,3.5613113978791615,7.776601553193285,12671392,80
414,303,9.81871924355175,1.7836002325603066,6.502121047664803,6.335728976042595,18870552,32
370,451,9.971361663508706,4.454352154622534,6.210874040224961,4.733332050608326,17944872,32
603,762,6.494729261209064,9.307143597693148,4.759114266149469,8.690655456686105,16294853,128
218,846,1.7927786698063226,6.608054802300995,8.021826669326657,7.655591080418141,12901897,16
975,786,5.66885463436183,5.314778240529145,3.1110899296886227,1.7475947965983951,11200769,16
311,193,9.81322974507827,4.312192498005206,8.489314518569756,3.775144224625075,13332019,112
915,322,2.1781318362199404,1.3930593332629495,1.954687987693304,7.916226591299302,16171357,32
640,873,8.569534980465892,1.7656765656466265,1.5341079023109754,7.696357189124619,12426978,112
367,660,8.72672844979904,6.548200310732833,9.961749690153704,9.663727521206543,12097705,64
192,905,5.777698258799219,8.942956661164635,6.839123428915835,1.3579818562203916,10344166,32
682,460,8.228162352439016,5.602080624030855,5.812508405664321,5.876351307928381,18428030,48
892,404,7.898197728394111,4.081052031810017,3.338055161220653,9.862869654390526,16839213,96
924,679,4.130629689650956,9.474117183801729,4.112646302061508,8.066320536450364,14697259,64
544,532,9.646421833470406,4.1058666876549985,8.112826258955149,9.05007680568379,18664395,16
614,426,2.0600641075309944,2.4096656928250866,4.179533943565696,3.623573317035941,12684090,32
265,925,8.730689896626284,4.014474735546604,1.9769052026807252,2.841855397503636,19621145,80
180,563,3.273886558249727,2.580471704351894,9.570578239360406,1.0463785125531324,16927763,112
306,416,1.8560509457277767,1.877716647570257,3.3349357104277804,5.826702867141704,13590803,80
273,506,6.6536205345040225,7.105542286790774,8.395202497538424,7.887510477700122,19497290,128
641,582,1.2812133957795113,8.004222168479078,6.087613329805335,2.1696408566029803,14060103,16
412,251,9.539459291503684,7.285787006425801,7.188369435388315,6.395920953738532,10540878,16
979,985,8.037014413391615,7.320571961900205,7.251133810267746,3.652215063319242,14261691,32
207,454,1.3443102042535107,4.156789417044211,6.689278738262779,8.380741364476185,17191710,112
464,898,6.1355132378331465,9.158105030696579,3.9947707559355363,1.890574574576,14875772,96
682,305,5.00459306850451,3.2486087915239095,3.059646174152423,4.417090227771167,12594704,80
229,298,6.138870173084482,6.020834131206043,7.418140461611714,4.453642333524121,10070100,80
785,653,1.2168663891832063,3.4597381756105845,1.3602157342590173,8.55808919728681,15689772,48
476,740,2.347650943708757,9.008623812347004,7.5466898252883405,6.573037609485017,12525964,48
772,418,7.164493507502261,6.274467129330956,3.8806368925972308,8.856823724852378,10287570,96
501,169,2.1000272410535867,6.893483025828431,8.384968739009022,7.381777605730226,19555298,48
856,648,3.684834422546998,5.778455926541398,5.586253957335199,3.9297551670240365,11307252,96
409,154,2.626152179510232,9.956527140972625,2.9891650332574518,2.126612908929269,18250841,64
857,418,9.019553064458849,2.5015095963670406,3.335845761409669,3.1272128247148,16010736,112
453,762,2.90933825455248,8.598080810578143,1.1131139451358776,7.008438956612914,11728953,128
472,954,2.6891464441298094,8.44886315412597,1.426702158316605,3.673764770110739,11365733,96
601,622,9.838510285530782,9.04355645258594,7.70602790369875,1.1891271572414226,12303228,128
591,828,1.3942239349977572,8.847852457546734,4.215105375609777,3.49656430760307,12805610,112
921,262,4.499584517691394,8.81244560600364,9.763334960867876,7.971207015062078,13741551,128
272,688,6.167130863903457,6.231260664108341,3.2647584685256144,3.478425136931728,15050040,48
538,868,8.611646750803217,5.015750202815833,9.818792631065854,6.19586758149753,19944640,16
559,859,6.624119428528766,7.632456170165614,1.704955223634208,1.5199375897815233,16582771,80
921,376,2.9003526449526413,6.735712345154635,5.867983606601754,8.815079179149205,12275869,64
651,485,1.3456085789898595,7.307566441477125,9.912386078940568,1.458323748064262,17884196,48
271,948,2.8083832944092917,1.7845925863471797,8.892519046440391,3.860899586402604,19572407,80
575,981,7.196264134725395,5.3761382046150334,3.4882261144374134,6.615678481637089,19426237,96
584,411,7.311965419421263,2.482055184330373,2.598593170028491,2.4217068382712563,13350398,16
595,425,2.040397291413741,3.287154703059038,5.152297125728393,9.011139951398293,14012231,48
641,840,7.5640688066936415,4.875229082152751,8.365843961146009,9.617165055077697,13874421,80
750,479,3.78118600702843,4.331441840470976,6.225549794175832,8.804161685332822,14464165,128
650,266,6.25237296568892,2.9077941965074228,3.2915872012057603,2.6792757172284984,16370229,64
144,851,1.6621876956425257,5.466955585453264,4.60052612128697,2.7495033582572077,10529570,96
787,367,9.151877613554955,6.59106946322965,8.313791020980279,7.652397152781745,14151259,96
467,461,4.090301122641529,6.5312476240474915,7.065553957471721,5.921955368112076,10212073,48
469,510,6.768329865670369,2.6464168237128285,5.326596366775445,2.367770493293052,17087820,80
461,638,4.462230785895701,4.893496321686124,2.093644404893976,1.9642668711190818,13188781,128
509,644,5.850335576120277,1.8546110746754918,3.1393106861172955,4.305164413949488,18246635,128
549,246,7.598465379588813,5.134930298840652,7.142614644176893,3.3713151025004615,17199957,48
994,416,8.69879132350455,6.255455732750493,9.521354628075414,3.2251330729758627,15763953,128
736,464,3.152477794153424,7.888657751337436,6.963665260331816,9.674840928587344,11544164,80
781,423,3.924713988261017,1.504050859006127,7.85546782016767,9.399153498663052,12916277,112
695,536,2.235643465565204,3.315846385725959,4.889340816706801,6.730786606378826,15121139,128
330,529,3.7027519561696516,9.549840387802504,1.0835442943560964,6.5235135758609335,17455633,96
473,913,9.039304277167222,6.744446186185102,3.2984465915468677,1.4207395374983744,18729237,48
775,607,4.96646249761797,2.1795618795369736,3.125642260013118,9.801146074646681,15820855,32
268,383,2.3784081820230916,8.537679710547636,1.13445172846324,9.262684271879085,14372602,32
831,272,2.3914538837849166,7.8394689295330675,4.660888982023197,3.2068510923073945,10925203,64
284,264,1.2756911871162058,7.122040851921289,4.731931559941848,6.8086662044349175,17715182,128
938,478,7.738496382487948,4.871963212049831,7.419166851691724,8.790284837201305,15175908,112
465,517,2.209945919782875,3.335273263720242,7.292300573426764,1.347691649636405,13690755,64
172,124,5.920464379664086,1.6952691575666243,7.013366260601508,5.029664004263462,12918173,32
693,131,6.458392459752313,9.92148134377844,8.86767378697634,1.2939587017244354,14308613,96
793,150,4.245843883399335,8.98846888503591,3.3715842710540027,6.5032725904970405,18500176,32
188,311,9.609480553034475,8.805923710516256,8.29870196900716,5.059407028810443,12532711,80
230,327,5.264619395014295,1.7460560957987492,6.299706371969307,1.5023208752946502,11554155,48
379,640,4.469748798231068,2.552181583320924,6.999623348340646,2.6365264537723894,15598194,32
635,181,3.5232746281255074,1.098992521802358,3.2635388706167787,4.593738884893069,14454260,80
954,307,9.10106417677797,1.2261418275741658,9.793732183283735,2.9081478108548593,13251632,80
990,519,1.4363757801351116,5.143962933931258,9.250953846289928,7.620384068097617,16299395,128
253,233,9.564976892921926,7.054201270628215,8.827421469505872,5.0955322747029115,16401300,64
144,485,6.931324859194919,4.507779587656843,3.5002586898345687,2.546191310804149,16404534,80
881,238,2.5741829867671155,5.063856316728083,5.611902562987763,7.848948558538609,10032626,112
713,457,1.0590757036593472,1.8730296201872876,7.870337912699545,8.194097852928552,19849491,32
355,573,6.44827315351442,8.352735285146252,9.905957524468636,1.1206662709348576,11192794,112
309,976,6.995132989514453,7.587729265955077,9.661913506488611,8.339797124782551,11482427,64
640,669,9.476824136829148,7.143545985856927,2.7534122942320085,9.098724571712504,14572072,80
283,372,8.120009806682283,6.138869785073637,2.2539713640876524,5.204539765192969,16278547,80
555,777,4.011973240002996,5.345500800595637,5.343997087004116,7.2942209814255525,12999161,16
823,659,4.652478360108901,1.8441624339572793,1.737078471651351,4.795254974603759,13693070,128
172,981,6.325100610138888,2.7950267136008073,2.0711882657326877,1.8791460307675933,17341689,96
368,485,8.25882550599793,2.0593214607934205,4.264544279977863,6.1782477960024424,15059274,80
686,342,5.487055553253548,9.683772882591038,9.253615246456189,5.2802650714546315,18361265,112
911,420,9.642947421597306,3.005866662777793,5.938748607688102,9.783538144492763,14248156,128
931,415,6.949047293110211,6.391926152880872,8.27255503830973,3.590211713740729,19600810,80
600,115,5.849717643315558,3.839462277974273,6.370854046193548,1.4594408727948407,12724330,16
887,884,5.848768021287546,2.7941755163795454,5.5687592707309355,2.8261513219085925,14310384,16
317,789,7.385885839435091,7.414103065718742,1.1072475545009128,3.238820652610943,14401653,32
980,527,8.49942480104641,1.0559669361985464,9.038004023072402,9.18308334921386,16752129,16
310,924,8.396249695027961,5.214414840905096,5.835431817832715,5.085067903646089,19964412,128
271,707,9.542397106750792,8.137703436604102,2.186594424816434,2.9171541625812165,13938063,128
543,950,4.565499100041707,3.2365300308015232,1.7568855028494115,4.240713887640236,19348869,96
892,454,6.316089632199908,5.444735525042198,3.023130135997401,4.826787218757625,10910282,80
939,221,2.108664522751292,2.5263324732091306,8.56444519742419,3.671841895574249,13107904,32
661,304,5.702954428255375,7.686018436851641,9.430762706537227,6.392926105966098,13772117,80
362,410,3.3080280687639974,8.927095552805753,7.245103547004543,3.4692054266210937,15571296,16
632,636,5.407648468408887,5.897113172615827,6.320986468851476,6.999472268424594,14995034,32
530,744,8.429011416827855,8.740473534425837,3.39344714819148,7.823126787296122,19578192,32
510,388,6.0505572676757104,7.329680949278144,8.343950928510148,2.199468708290137,11164562,48
894,978,6.995079833307543,2.1014993941642395,1.336918122266713,2.032273438244786,16884065,96
439,464,1.373131220416762,7.555769008021318,9.983257333014475,9.093853452978246,12056848,80
938,545,2.8307386505063454,9.283748331876314,8.090794937834392,3.7513456986820883,11850565,96
319,602,3.388142232207005,5.4934898973018,8.20394420913706,6.533351800611105,10438411,32
827,502,1.5461217785625747,7.764792584381051,2.788161683305498,6.27487918161508,15358411,48
440,628,2.7404943263678745,6.231687327272052,8.724698502653643,3.281894587305312,18923974,48
978,246,8.295124266676565,4.925736933616606,1.2480854786736284,7.216312622907777,15098715,48
744,613,7.286927881043613,9.865830224913623,3.2360436801876182,9.620572619206444,13145838,48
903,212,4.662860052292626,6.54128971891879,9.099549386955221,2.0100602394393245,12018498,96
828,343,1.65010175070792,6.682750174785506,5.064591598218809,6.059966874670441,11511859,16
663,301,3.6614869741372926,4.585385074901029,3.13445389423136,6.668440020442063,13685424,32
834,239,5.3258763707599845,8.260970483779712,6.196580683054814,2.8242853636919345,16443222,32
929,675,9.09029135297383,9.521799487465167,2.8497643325312247,4.790743618640712,12648388,32
917,949,7.290691530224412,9.317417937363492,5.49379697118178,6.662345918700366,12465244,96
104,684,5.221001196222702,9.697994849167086,9.242476588500724,4.770094736395797,18460297,128
844,213,9.94199899573479,2.982952337527961,4.038870189748099,6.517246943991349,10990097,112
569,998,2.9391981903514712,4.331691701548364,4.342324302965805,1.3147308328720477,14333235,128
481,923,8.423475259733326,5.483241194076682,5.5500494152662725,8.907608762786612,10685890,32
475,413,8.842006732485569,7.072823064541152,2.470217623434316,1.425766563626277,17751095,16
161,427,7.341499713731416,1.8770832039294463,5.65230113243299,9.90419330317046,17714345,80
654,665,9.251361470272077,8.756467325418699,4.446565265136767,3.034768599409757,17847340,80
847,497,8.552759199408746,5.631415043560661,9.164496832509009,8.021618869158264,13522415,32
627,549,9.528272587018233,8.637903629166772,6.50726973846167,9.256447805399393,10335991,128
654,359,1.543161502059416,5.071432326323615,2.0938327865674546,5.262927894006664,11022863,48
513,300,7.9697014154318575,5.978395696571458,6.517721862447606,5.477036488512031,12623112,96
427,907,5.3325737368428,5.669426290305516,7.246314690545516,6.197240187058529,13726313,64
505,676,3.2710034034262696,3.87800867066155,2.049024656007913,4.003967189926186,12305623,128
879,188,3.3679701595453815,2.7618441080474248,4.414435303981291,5.212536410129642,19293499,128
871,552,5.095482402342673,4.7883982537369425,3.4457591598795343,1.3033681677632227,17717851,48
453,497,7.010628111189076,9.722292367080113,6.329770690449159,1.2925487839076912,13258710,64
628,112,8.685979862622979,7.498833892454222,4.95480274590854,4.249632223006774,15949710,48
809,707,8.277263009407044,2.725424042071479,8.122231706811185,2.2894548658159675,12324890,128
262,101,7.719918688731784,8.653328638383012,3.814449512760598,5.209210769727598,11228621,112
447,837,8.345906225602757,9.42663536734247,8.66806034547092,5.0757151731172785,14035011,48
144,526,6.08986068999741,3.105713169010659,9.215743427649342,2.323628956208757,17515458,16
657,644,8.774758705835623,1.676716977455833,4.319823270781686,5.42175074648628,11112988,48
335,326,6.493763659771089,5.863630690695635,4.356545702247676,1.5517841265413455,19750197,64
913,922,4.243633757938497,7.460532002326239,4.901737845208215,6.095775350314227,16285849,112
670,115,4.397906224881172,4.026468975557039,1.026161587872676,5.390059625870119,16312529,16
540,947,8.50448647024397,2.9346015578370674,9.38018653227868,2.828414570826952,19915622,80
757,973,3.5296080642534373,3.6791248138759793,8.53331989207012,5.043468535731177,11521556,80
905,554,7.329708230271882,1.0285418641904711,4.463497437505,9.925661736959261,19969916,96
992,721,1.2936418266056648,2.817130219642152,6.552114011835353,3.6236331120587355,18842288,96
480,694,9.51445987872935,1.0868811814145127,9.583022633013496,3.805352305699838,18003548,112
291,690,6.44059351353691,7.318432760776862,9.406310956880736,1.4132786800358828,13286568,32
735,253,2.4394225859501044,6.2508119779680165,4.927858465509372,4.97550378756771,10011095,48
438,981,7.939533079968709,1.5381081425030847,5.236953199683249,4.5672018286200755,18124397,112
377,855,2.422383642563229,5.2687659789724,3.656015621468958,8.76550788581392,10197976,128
535,769,5.3731351809355195,1.395676366736891,4.031493869697402,7.255470522791428,19127506,128
663,690,5.334778617212329,6.963396731370244,5.757064863715947,2.9154913965994567,18961598,32
605,304,3.2818083373029494,6.149677383964139,4.944909138983641,7.148196326810221,19195583,64
115,124,3.2259817362399685,2.5100246724411024,3.5627872110080125,3.711294142617974,12841701,128
156,905,7.874460025799172,5.3812626698666675,8.110074643933093,1.639651116073788,12486582,80
985,369,9.2339160161083,5.349148804999197,9.497669329952798,3.4558983922892743,13229903,64
359,395,7.97006691422503,7.982611649869835,6.535480230203846,7.189029821478995,17348478,32
772,668,6.610989835869702,4.471956997341463,5.623980297430865,2.19768863510578,18156186,32
959,950,9.94417931857878,7.803443675516791,1.7125350499528786,3.3714927362332676,16699386,48
739,182,4.6937139344913215,1.9414184628152,8.066521491620431,7.751062421107205,10596367,96
290,490,8.419224412337584,2.2227800116897143,4.11434634710069,8.19167804839547,15796681,80
344,976,1.0529595877581366,4.113042150611104,6.0107584267390575,1.8144498076783324,14257966,16
562,731,2.2870846605152035,4.476120783186043,8.862932884229085,8.706345378308669,12482664,128
335,739,1.8726044028886528,1.3737899708994559,2.6340236306722793,4.397065578252994,12678349,112
275,614,3.584778011960605,4.545275729940035,6.684296772871314,1.9414635144899637,12336076,64
879,647,4.763403140803382,3.3635554330259145,3.402205906137378,6.648706290039753,17558844,48
477,480,8.0523068105724,6.27422738078748,4.857491940658815,9.124245671892995,16622198,80
120,732,4.806455649428756,2.3246995044786924,6.330648583472949,3.069223560372637,16920939,48
569,322,7.002507769452395,8.877791926325274,3.076500348748018,4.055510874717378,12084155,32
520,223,6.793777477976071,7.3585572407029085,2.7239302841670976,4.5923329917511175,16245865,64
464,146,8.843100846465239,9.623148327404817,1.317578396203087,6.350309994145177,18144282,128
371,983,9.972054278277454,3.6916185794189227,8.712741475887547,2.1007219077779906,18379538,112
571,343,5.5565082721515875,1.6494225261082676,8.893586079607836,5.447458613449145,13086015,16
518,915,6.741761549137757,3.0933552514442195,6.2590067238282066,7.489098585495865,12974484,80
296,841,5.084024277341934,5.387826580682791,3.535733834402272,8.25649452473882,16319545,48
378,675,7.257984894771077,9.775541741088816,7.689771896665318,6.555949297431202,19224855,80
441,551,9.751371975010219,3.147783664451165,2.2109009479826227,6.5650291340119615,18608111,112
794,114,9.345301094477668,2.573535630871584,8.907140916873665,3.870262357047321,15381032,80
874,629,4.033022412470902,1.2271186639895988,4.149148032895139,7.307749231352005,15705043,32
139,954,5.552943662481647,1.2748863140219995,8.202326327521924,1.7975249919268297,18705140,64
927,220,9.11371582554727,1.6200738669381343,6.077015158144291,9.4828132245958,13569423,32
429,180,3.2562564365158564,2.2892172190596676,9.271390174748534,1.2481947351945437,10858793,96
161,897,8.611027763152748,4.18177840911356,7.457741649809041,1.0562254908405648,11543153,32
696,301,6.1859935627193785,9.438444927464888,6.283520449590263,7.4923222936073905,11393377,16
490,633,1.897974272836774,2.6454504095013522,8.94723005324198,3.251807326092112,17667151,112
844,317,6.3134343751452935,5.107955515230138,9.431057628510793,2.0906416984314964,15706486,64
413,441,9.083814358417904,8.415475926936129,2.275019362495811,1.4084852872656226,14821891,48
133,919,7.333025133346522,2.835969171087509,8.512245298952768,6.215252321596484,19281334,80
672,708,7.914350165190117,3.2207909799716012,4.028214574395848,1.3914119666409315,16240177,128
277,827,3.755705521558643,4.57721365720807,8.616220373037166,8.046947606480675,19026423,128
653,918,7.308767818075696,5.283659217469609,3.251230166065742,4.525419958607528,15535059,96
311,748,3.5400365620971135,7.737040164143255,3.1950190084637105,6.195346234825565,11505803,16
457,715,8.592440524700509,9.086093936570315,9.369491925566704,3.0065310457072005,19904665,128
367,151,6.654526720420711,6.0088547856508745,1.7859977710780952,7.028149999783374,14721621,112
726,490,9.033183143374522,8.276294476200519,5.929806557449267,3.872487522176366,17909378,80
741,438,5.798384322254659,6.646955735663487,5.465889234300469,2.6811068291549067,14963251,64
754,961,3.6937784815590824,9.602137105440903,2.5233421589351024,2.0701719446786795,11957038,112
766,305,2.6678044473355538,7.119063278468664,7.663268062059571,9.090972036551888,14648484,32
711,394,8.849203832862887,3.6902983358014807,4.620785559224075,3.6694284209135475,12465743,128
649,455,5.170990288926491,2.3843066415510483,1.9831876151829524,9.869386952262648,11429810,32
808,712,7.681243538046565,8.090729983104211,2.59822927869982,4.6379846089198615,10866730,64
700,115,1.0513265465137107,9.380622623564431,7.572679203696415,4.3574539473389535,13587607,16
874,301,8.947513055339813,4.226910575869939,1.0708834674802028,4.5418268203611,14422041,64
846,752,9.709682942617507,3.35792668670995,3.7459378193907993,9.943674693207054,17538438,32
397,805,6.070922838998782,2.3672860025573614,4.956348654048613,4.085319163299066,19556553,48
357,334,9.885305467163535,7.529987331167835,7.750348810574394,2.977072203180964,10584208,128
469,438,5.331100447730687,2.4360425590415,7.819560484649081,5.303082145437603,11286587,16
710,554,5.239745370819371,5.155886048596932,2.275099855028865,8.12295677599787,15166800,128
916,117,1.781616348111294,2.302389699880234,7.70554464349695,7.116587027228881,14499284,96
599,796,5.700341155005365,3.5114034267047716,1.8566997550376394,7.411445163299415,17437852,32
739,908,5.261201723554591,2.3269292203849963,9.542920285227485,2.5256593050404073,17948144,32
370,670,5.733002962174201,7.337402169761016,8.187423707191314,5.197653784072623,12373485,80
251,176,8.186109037463035,4.791587790505568,6.871524986525946,1.7043096330281249,14276054,64
817,875,4.672135668704771,5.52451532144115,4.2774625516621665,9.431333608878928,14948542,128
817,496,9.118488231010332,9.96122819144154,9.02021365052685,2.7395690371073087,17283472,16
121,970,4.588106367197549,7.53093295387782,5.65427312257009,5.407826832781297,14057976,96
616,731,6.077036953080547,1.9112999760309033,2.6996929517739923,5.3113729965034775,18416384,112
101,291,4.134649486178882,2.4028507582087473,8.733092635850292,6.219926707770635,18918190,80
976,393,9.810856804503942,5.339067239852253,1.8469266944198641,5.473516028059096,15573156,64
868,280,7.977868384741328,4.738858411802149,9.976715199337686,8.603559081441999,18893481,112
871,724,6.41885880142792,1.716880595038001,7.141297581431629,3.8168028023546605,19964835,112
564,592,6.057294820312623,7.598261216446927,8.822418157248999,1.892361145795829,17477168,96
891,589,5.806194925395408,7.145153816383202,8.660237176623985,8.44492491051604,14128360,128
928,914,1.0592804269531775,8.449147795468079,5.8308387321213,3.256990038117608,14968710,32
105,486,4.514947380497788,2.5711804969564063,6.086640855320411,2.357200184778133,11059150,128
187,831,8.111992125341693,6.069961861593714,4.269463860202006,2.2800210550188447,13756467,80
623,246,6.756023818169641,6.337223306555982,6.220089804381909,5.047651683524274,16415249,64
882,194,9.80765776328205,8.964453981851296,2.1714553113087853,9.884009605836205,18696888,48
465,449,2.2753910597805342,8.241184595045347,9.056989838239996,6.547961812672536,15061770,80
324,471,8.225545689799965,8.96186177084104,1.4652935386949257,5.115093263484967,17908463,112
585,688,6.963147521614268,7.494769601792377,9.301903207129175,5.324432878427404,12553743,80
168,399,9.249487076666238,4.533127878898355,1.9942177353534074,4.50065985695211,15587248,64
973,472,4.971507405505772,8.881805144910821,9.192050788175505,7.921162859910441,11718462,16
255,832,9.115917830337972,8.767381847741717,8.669934277998525,2.846741957761584,12519884,80
415,331,7.40885532546185,9.090898569929074,5.245465692265607,9.834914521896767,19620346,96
209,772,6.356739868942859,1.2771695847339428,8.993706862693806,1.261056898508535,17141466,96
932,100,8.01496266383812,9.599190200612716,5.662151429409226,2.189308053064071,14158848,16
609,611,2.2993461165315825,5.549665221393874,7.750143229526918,4.01011654256385,12248216,16
654,930,3.1792341021940134,3.159796780162732,4.0055473435650715,1.5775361207457297,11310462,112
660,495,4.759493275257616,3.0748206574973,9.594369792564105,7.452252046473329,18264840,16
660,504,5.020596866580829,3.883254742036777,1.0201604999723246,5.510999147993076,19841801,80
887,538,5.439635967767831,6.8593602975250265,5.817575896787432,2.4718523731457562,13265286,32
844,458,6.394506227014119,7.274463042403618,9.617547545277924,7.281281128166845,10088679,48
656,267,7.860008804363037,4.914377419096308,9.584731977931966,3.021810623294754,13076554,80
424,238,3.0707471312983827,5.120962341369687,6.029180195700701,5.305908516528468,10217944,80
410,622,4.747541343606893,1.5347239718928276,1.1006246641398811,5.368353368641717,11063507,128
434,858,4.93508411295134,1.6903755497192456,7.927605257518358,6.048826197288048,19654394,96
139,272,3.037482663394888,1.7786180374536724,4.744249781874437,5.899736577980457,17287318,32
470,941,7.875598668375632,9.435090868099723,1.519729969863778,4.233656047907417,19484990,128
564,623,9.445668899937468,5.981993443977439,3.182011217339795,2.7151741917012293,16737969,112
605,655,1.7748991541758259,6.542090107091346,6.364810453530625,2.7279253360052667,16522697,16
175,192,1.760040305041838,1.4918276966654767,9.379162059863305,2.6652116205933623,15864921,32
286,799,2.4735445321887912,5.647316419852022,5.258654417838935,5.803703721337849,13187576,48
930,827,8.238082714848264,2.685215422580221,1.9006007706138615,1.2242639343706856,16674316,32
921,513,5.118699380696346,1.9882561181878047,5.840720568003637,2.3294049219715642,15994250,80
635,468,7.709001891290783,3.696718088446129,8.88926506667336,2.930679623913994,19044866,96
555,670,5.8245469521274424,9.09043494499586,6.803399317012589,7.996104235487703,16223379,80
375,403,5.567912286809635,6.45905261889412,6.310229714578196,9.25127314858056,17624566,128
455,235,7.419061694004288,7.326059341284405,2.888135862867714,9.12666041631894,18590397,16
278,860,5.496410117883868,9.891508237159284,4.8763494983248865,8.030821241802407,12484460,64
791,621,9.756267575869202,6.0206610284158435,6.975059727075697,5.878327337743787,19542547,112
585,253,2.776383507849357,8.112001251823566,5.2741064504582,8.48100865716321,12144141,128
776,484,5.907574760593806,5.433850036514686,7.910927215220622,2.169312318710192,14531789,80
407,360,2.0835597611979004,7.553959983215603,1.8272356332446575,9.614294130322799,14568753,128
145,764,8.248925714388193,9.794619458160305,9.020991007627371,9.164657657120639,15926731,96
316,687,1.64292634032525,6.234413880109716,5.334539059283249,2.2667888895205652,10559557,112
483,481,4.321987145730608,5.682757801672568,3.8635979971942818,5.339288780701537,10909437,64
779,879,3.8167085077821783,2.6679775102612657,2.8305320421131452,2.9643872712187744,12901985,48
939,301,8.899216867896335,5.3406577498822765,1.8856238842832336,8.006392136526003,15675518,16
190,570,9.325035282616334,8.480507740198293,5.865332805274409,6.417762117393957,18888108,96
130,774,3.0259804647838675,2.693758778310122,4.56404611112009,5.595272877834606,18099810,96
806,796,6.377301539951174,9.351411298698105,6.276916298048698,6.8905994230078615,12147574,48
755,723,1.1641290437377818,3.9890979034348106,8.542081543995572,2.748726323141602,12516010,48
260,344,2.2513525397703984,9.939500166491655,2.2216654477351057,5.024144227622088,16833433,128
365,954,4.5281049842263075,1.0081394347017072,2.7075377037869925,2.968167616543665,12346506,16
453,100,1.5439803541126518,1.1300517981845,4.79367537401255,5.7971287909627565,12970600,80
903,714,7.58338536636463,9.34688263972191,1.9569602803312744,5.717431797307898,16367742,32
892,301,5.907469941181088,1.8833458951986768,2.6737721941387855,3.1603537655318896,13738418,112
888,538,9.20613759767815,3.6339655377139666,5.430756109817578,3.7012388956379936,18583442,128
415,212,2.7238170402819435,1.6940425717625234,2.8674666110258946,2.8805059783536504,15683142,48
992,979,2.2963714463801272,6.159532677874527,1.2015210245794696,6.685749520151958,16554000,32
820,711,6.907147871226261,5.8255090317182585,8.221757961729141,2.4052053523874393,17636088,112
1000,457,6.070315495194195,3.0789355789023105,2.011257254382608,3.7218034461468124,13514321,64
438,285,8.549088183609651,7.739156693762006,4.066684943961235,3.111822675922082,10097113,112
987,613,6.678292502801748,6.352478869763509,8.540058608830037,7.629091296599601,14702400,64
391,818,1.6292959182096314,6.737571517964258,8.754806547645517,4.413439872784712,16829822,128
439,301,6.788044953550497,7.443437315286726,8.66782112017647,6.8910915763961205,19039856,48
666,325,3.1578175287243013,7.768608504670908,6.256737364899182,3.513875856146365,10445553,48
132,725,3.2958614919634464,5.488818644798613,9.900722009802507,8.747001885340097,11438944,80
703,681,5.100112083667101,7.113530355241241,1.3614479734602227,1.838128848652376,19097527,16
402,412,4.541977186782072,9.687220439779596,2.083259130341809,2.20801954300438,16295828,32
483,302,2.644071866759391,2.3280406952120143,9.939416548124584,9.803450272971679,18224011,96
379,206,2.1165514217436234,9.006658960758006,5.154018574569238,4.132321861167747,19794805,112
813,430,8.244569209426015,4.561278571330531,4.093357966051878,1.4425836358562218,12423956,96
879,631,9.328358063022923,1.0254329584726436,6.18808715727061,4.065622187979031,14384738,48
408,405,4.6692997031691394,8.669728036023546,2.015963432520257,4.188817176726698,15899245,96
192,860,5.520726634869353,1.0802688172194816,2.443376289020229,9.928743109544271,12782821,48
769,371,4.308303463354078,6.191593433942098,2.6105461533757475,9.775145037658689,12083024,112
707,279,2.7283091556355794,5.719672998419762,1.8592839690544078,3.1277184935550713,13132138,128
334,273,8.011770292946363,8.058721392275,5.942202352042371,5.189536338069534,19895170,80
589,941,3.3506767844778906,6.71589421765697,2.2550638582399394,6.346665956796317,17119994,80
675,449,7.443161482132175,8.329340069706113,2.1159545233550574,8.644795362422022,15802752,96
874,539,2.7745566135089472,5.46298841489767,1.235364925831324,7.111960904225662,13007431,128
346,864,3.4679804689368794,4.674248247174186,9.108255878988185,5.897772483281532,16280941,48
666,961,3.9988624628592953,1.5871064765205871,1.5378275194065876,7.190088779915497,15150582,112
527,107,2.8889121442179237,2.3067934734760396,5.421340816896946,2.1040873552086,15259124,96
896,884,3.5536555734350594,2.8763757417602624,6.465265026719919,3.404152662941332,13771880,48
278,558,7.354216728910598,1.607069018703836,6.151572756102769,7.703198899675251,12540738,96
915,881,6.040483970729297,7.136587932284015,8.787586101463209,4.4595123822149345,10657576,48
864,566,5.989482994518236,7.923906858844897,5.488844556721271,1.0702268785327766,12723851,96
741,233,6.393446341563932,7.130718010425309,7.107759253324975,3.933495165661571,19409846,32
481,991,4.964877220456914,7.290823992617551,8.86346350432148,5.666722326629493,19390254,128
528,792,5.439211738802585,2.389498241219146,9.839773431633088,3.4452714293274695,11116734,96
769,409,4.156296169812043,6.632187549030374,3.2775818685061266,4.116892563656719,13124404,128
280,519,5.112119564580501,4.214470380043642,4.501959499202916,9.918625447564343,18840298,80
785,344,7.713483158361096,6.1540573983713225,1.6347658011585744,5.987629854655128,12246437,96
951,834,7.006838999831821,5.63220627482862,5.943738757581971,2.226178444088913,19092920,16
442,864,8.260028525224978,2.8116439349078686,5.830443231219324,9.242065291753967,17820318,48
989,336,5.400917740856449,5.3313426730624975,8.266501774214083,4.174324442925128,11571121,48
450,278,6.247389017389701,9.089275908466519,7.336730164277743,4.984958420476325,19065555,128
906,625,5.967019794021805,9.489690376046072,2.5320094883750013,2.759197062911174,14803208,128
390,469,1.2339893617794626,3.4543755956861046,4.798279163526841,2.4820675678838806,13056732,80
923,668,1.06429486798339,2.6160922665196047,5.6091579670174765,1.0887840353814011,15819727,32
135,221,4.63166558307837,4.3240367380130165,6.91465783787272,2.8228586390048958,15430360,32
725,701,6.480431373904833,4.7452438667654135,7.979694500996021,5.453169778803358,15593393,128
822,227,2.5184398699754054,3.3695517554015177,4.047061919229513,2.7218490029361417,15395296,96
310,913,5.22668424320786,7.402650334570546,3.1882644003387934,7.861397948623424,13483800,96
387,277,4.517049911856111,1.1327959846414641,6.186329290447651,1.9730781648109001,16122812,48
651,208,1.5239720343469723,7.888639235662834,2.538485793683321,8.22462589075251,19875966,48
917,545,5.972067070861722,3.234940873712208,3.9521026704835407,4.70748025092341,10558645,64
971,280,9.283920485514512,3.916011321633752,5.2916420730387985,9.302209517055795,15417028,96
989,109,5.606996001691474,5.585313113991746,4.202158074445345,9.187810443223484,12392024,112
541,579,4.914068652902746,9.461071562296604,9.254067169495183,4.5254313966863595,17710828,96
723,443,2.6515742857582465,9.677545842958097,2.578550954532167,3.3106744555355223,13480597,80
791,756,2.464958337239115,8.774842597797821,6.285022025976616,6.0808637685811595,12627793,64
694,220,6.522269930654468,1.6324634062657402,6.0028188899055674,9.384982467313272,18816147,64
777,470,6.755213298178252,7.298215000029351,7.098728845379778,8.289260919793985,16065174,64
406,1000,6.285712326177565,6.3451119485910965,9.052910572678652,5.942004377433803,18126659,80
786,512,1.6194784770852664,7.982117642679944,8.050546763381295,8.029558133135314,19781861,112
