1243,1267,7.623821095527195,1.2438799010702846,11.278033858294009,48
1498,1362,1.6486426928540598,2.7043273379848376,21.13781712963119,112
1127,1285,5.232518595595804,6.089788196289424,11.16538922770658,48
1300,1051,9.114295246130862,3.5705953117562736,26.216379920117273,112
1416,1061,9.029918926871916,0.6887255752024273,12.386719962156775,112
1301,1112,7.838395741708367,5.505464190063289,26.898019263133193,112
1081,1288,5.039424609816972,8.443029251613353,12.233811849894522,32
1085,1233,9.957123701796258,9.204534798256686,11.562067419630011,96
1192,1087,6.176153523340485,6.300348468797848,25.6778481554259,80
1419,1106,9.410064070561624,4.5816332122602725,20.288972617275075,112
1174,1077,5.276067136866146,2.6388879732941333,22.45850270663074,112
1204,1450,1.6052609253510215,2.011411359945605,25.209759004228804,80
1251,1040,0.31423238924435837,9.587733057252652,18.906346318331742,144
1408,1458,6.389894060500792,2.0131709028650584,29.916212444651332,128
1006,1151,4.315902678271546,5.282870368851814,24.265504955967824,112
1419,1441,0.12740711295825216,3.8043230127684233,15.796129543418845,80
1146,1088,8.371225314954849,1.4115370413700095,11.33525296006951,48
1374,1418,7.29392662854574,1.8067885387974711,29.2619268028228,80
1340,1120,0.8963442362673248,0.9488773110395318,22.147912833595157,128
1234,1296,5.229221415406901,5.556635905580462,15.57776770412186,128
1229,1190,6.370067043441164,5.686568125899195,20.732483603823276,48
1041,1213,6.101580927519097,4.228400878704306,19.61044295917057,96
1460,1260,5.94049198388334,1.7433864590122972,18.43918832690288,32
1280,1466,5.102681064828518,2.222344868800787,11.632505687503729,96
1076,1276,2.8295000041012757,3.200200667474802,26.655923345932816,112
1423,1249,1.6261939215281922,2.1785940815724993,27.46981769837913,80
1049,1060,4.690568983506382,3.608110931202623,11.480944277457091,32
1277,1362,7.349011321955518,3.8012949639414497,13.724750123723544,32
1084,1170,6.555466308253977,1.1769461357081468,20.810328647692437,128
1411,1040,5.872432663770583,6.779205722002449,26.554008822038814,128
1326,1178,5.730208819367838,7.200560026761405,17.100150439542773,80
1068,1113,5.52889545167221,6.721771770345809,29.868596606944532,32
1151,1190,0.7882733038575532,0.5695860681117376,12.238939379734237,80
1387,1111,2.644050626471789,5.360816329361971,28.14055259809303,48
1132,1494,5.466369953844125,5.905292855872537,20.682157166756962,96
1424,1083,0.9472724829531393,6.749326015432363,21.52581492270233,112
1414,1209,6.231655970712176,2.33917984597344,13.503606875397088,144
1473,1378,0.7760128232540792,5.931742177555517,14.064381300005058,32
1475,1342,2.849123039267689,9.475339591214185,18.5124918518033,112
1369,1055,1.9107356055898703,8.981273876152288,28.979586352690045,96
1275,1475,4.574539718362888,0.9444526569304906,28.687429095763303,128
1302,1426,4.008936304819098,6.886226171987723,11.903657560385163,48
1356,1264,8.42286404891595,6.517626002302949,26.047961395142625,48
1067,1258,6.516094505419201,2.187268785973217,18.22785438593801,48
1117,1301,4.512057481714524,6.697622541656336,17.10221360540207,32
1385,1315,1.4054671572337079,4.019432081089444,29.87349901879763,80
1265,1131,8.053358935068868,1.0075937685494507,29.12895669983861,112
1219,1037,8.795093937677294,7.303757250531621,15.487954916533477,112
1357,1349,0.5231997100742456,5.253795976082716,14.68478502291326,128
1334,1481,6.968772867558419,9.81228012344788,14.435356282339729,64
1438,1305,8.474393418729159,8.664655813531336,17.030252611675664,144
1223,1366,6.307986391391096,1.9219493125613991,19.81352684572397,128
1151,1261,0.6358373727772976,2.095132613083792,25.39330444488874,64
1005,1252,8.680826572133771,4.99421162412202,27.04772281306639,80
1257,1412,8.56463007955548,3.9475135574196267,13.783893297402773,48
1430,1172,3.8092054924663605,0.30416237254066647,10.005018743936716,144
1481,1160,5.71592245448083,6.5162484024298,20.379080365977185,48
1111,1165,6.474353801521678,9.634650215912437,28.91902965243274,144
1331,1412,0.593013011479129,4.508293885293757,23.380298195943553,96
1424,1380,3.3286752760366025,6.789995053880552,10.309805257102235,48
1201,1218,7.341411765434564,9.625733357605977,10.968136247701558,80
1307,1190,5.405815199402375,0.8785746048613409,15.710745611454954,96
1247,1194,2.373874736406053,4.7089783906930665,14.863422193771886,112
1383,1032,7.794612562830959,1.3820743983750785,10.787252826287068,128
1324,1407,3.6956795488305696,9.159260347646434,27.315434024915774,144
1427,1093,5.210078753734755,5.491806956786398,10.158148168980173,48
1092,1186,7.427780255569098,5.82023329159789,22.125709135922857,64
1294,1000,7.197464831308907,1.8972515653588669,28.37751850950279,144
1486,1233,0.41783899903996713,6.090184850314896,27.956490336077465,112
1133,1270,6.244807725728983,4.60899712462087,14.12294047085676,128
1107,1304,8.182019445857437,9.17941354968878,27.143637395308073,48
1273,1228,6.493081706851785,9.6462233366162,26.995687152930373,32
1412,1194,8.404570235808231,0.4578845872033145,22.00313523180119,48
1356,1072,9.95479768436038,5.389972071342713,12.904186300852858,48
1220,1387,7.005562167464587,6.286646731414972,13.73394683579978,112
1141,1305,3.648270245775986,2.80230831181441,18.6357738768445,48
1102,1311,9.928885357165385,2.844709494835635,19.62642348324422,32
1342,1353,6.420715886452891,0.3906573932766294,11.7945290089485,128
1343,1255,5.301429313506516,8.322179588871357,10.87073727963775,32
1466,1295,6.9081271283882915,4.033270720353947,19.812455685704826,128
1238,1158,5.476403456879484,5.853656414411733,16.421216591201528,32
1428,1285,3.3079086317164315,7.254560814712523,14.629447411113075,112
1008,1457,8.402262004056444,3.558747212108879,14.350268153064443,48
1441,1371,7.489238632033587,1.7681647802621352,12.169840275103493,64
1150,1190,5.84733656285739,3.1512487915286096,12.426726738208817,64
1357,1374,6.756470954159961,2.6329625834571537,28.361389375645068,80
1497,1428,4.752729560473304,4.7475831197402245,14.984966417788112,48
1163,1477,1.507252143493319,8.531816986116413,19.648615705910935,48
1465,1087,7.312115003259489,5.217009604956694,24.45623369151186,128
1244,1008,3.981840942928235,9.920321038985264,26.86485119024195,144
1300,1097,5.999651059342127,8.855849443680373,28.248552958473052,32
1300,1105,8.138266871372196,1.1617824293654677,19.188362730721977,128
1029,1254,6.8900119350080455,2.7244076502050945,24.272873401497478,96
1048,1037,2.2002987648825645,1.1497702047689697,27.456832861839718,64
1020,1358,9.264166054642686,4.2058680781041,18.693465236820366,48
1182,1159,4.063497293921211,4.033458006362441,12.448814841328266,32
1336,1477,3.2480519000440675,7.3429658281930665,18.99374821588961,64
1084,1091,4.430257284188216,8.853133725716964,25.718610003032847,96
1126,1454,1.8609899180465699,5.737139624950427,14.535642333306761,144
1070,1256,0.5464031389418987,9.921735315209364,24.69810536335777,128
1412,1384,9.209673361789882,6.657167567451467,14.250077583078692,32
1044,1142,2.351337985487469,3.428705675334699,10.76512256827668,64
1001,1059,7.25945092098448,2.9625727026669253,12.253307839268086,80
1426,1073,6.734235212114656,3.6735072689140953,27.810761896696633,32
1016,1371,2.226355934458821,6.4928545315334585,10.283202610670996,80
1314,1057,5.485954653273413,6.814643793616041,18.004296890380147,32
1222,1085,8.014252416621556,3.819147704469037,11.943973773810203,32
1388,1042,6.927822959514424,8.272817205887488,13.020102866084986,32
1490,1216,4.272739535385197,8.03544194137523,10.426734184784298,112
1438,1093,1.736025312496009,6.291559700517905,17.45367102645784,128
1169,1180,8.893988253254655,7.228172819084137,14.33339751763061,144
1044,1400,0.2509351503096635,8.303136560823104,19.73506054387743,32
1356,1156,7.4479588000647015,8.931692548596518,21.949720115480623,80
1128,1022,3.328188216420554,5.281388145003554,12.53992033606452,48
1040,1414,7.518517868860456,2.465200914790363,11.546021261383526,96
1432,1154,5.355839558495126,6.4370777777569765,17.1286166103584,112
1308,1108,1.4707209676164865,4.32315679084531,22.788482765581378,112
1103,1024,3.349984879753396,2.6132058593938163,26.467686783205913,96
1100,1491,4.22764834220626,8.932553713319018,19.273199167097083,96
1006,1127,7.598716657349637,7.417712905496722,19.547170267906903,128
1422,1104,1.6297068706791016,2.5480538397025265,25.245821175690146,96
1344,1098,6.944123018123682,8.286716250468434,10.364034563755686,64
1328,1374,3.6925225171094564,5.519446599935609,20.178941384611953,48
1342,1141,8.63272824002073,4.2992945773224305,13.202805177963109,128
1323,1207,1.5984981809137992,2.509900214985781,17.56752040248399,80
1155,1085,2.2815412666665895,3.2951890008866274,22.654409113726253,64
1273,1176,0.2929553262826545,3.860342526263557,10.490988272316983,48
1313,1375,6.889553212605354,2.0234509433909658,10.777159758639696,64
1011,1415,7.294353467823674,0.7871265495619586,15.00118871290939,128
1069,1433,4.078328063731115,1.887519376915682,18.39053072130276,112
1089,1358,5.556131311508505,7.456628938625776,14.190381941409742,112
1029,1406,0.6959294690182782,2.7963514911705225,18.59393807679936,112
1388,1200,4.834505698873437,4.491983369147439,20.590842144148045,112
1032,1392,6.102203233322126,4.747254150626314,14.490407706090293,32
1069,1088,5.306801110943734,1.0179700844155508,24.913182876787317,64
1088,1329,8.732738434540261,8.668532103120114,18.171920911574865,48
1293,1185,6.06460230164449,6.948915159937081,29.240440358281486,96
1386,1436,6.573205696385108,5.2248175550995954,27.40197938967873,80
1279,1408,4.527996908303876,7.2783219213806545,16.653287342235636,144
1290,1458,8.325460849234647,8.378827580297719,16.559255897858066,112
1009,1222,0.3789896139946656,9.231476133247378,20.64179373882044,112
1475,1291,4.499432975588215,1.2683955199057773,19.65345834775664,144
1317,1285,9.232703043292743,6.861243335449672,18.10496555393629,144
1455,1273,9.907491081020307,3.6399500677012555,12.778984016373458,48
1166,1004,9.028577612670102,6.705134401958262,17.495258824137892,128
1373,1452,6.228502692715011,9.647265300008245,19.851587038537936,128
1461,1364,9.049842737755503,1.32712333599152,13.48130042209467,32
1228,1315,7.996843553000245,7.944696476342733,15.789616812357568,144
1045,1217,2.6999908418327236,6.187416197900364,26.525117358500047,80
1284,1065,5.977509956090981,2.1513808294149777,12.528551905363337,112
1439,1255,5.644816429704397,9.093355727330467,11.751838391517504,80
1315,1183,9.578201932154197,4.657384705019655,13.231067671744782,32
1054,1476,7.832997545902683,0.9538268095413419,21.45982886249502,48
1401,1409,0.8763520715704131,5.020477429979524,12.583835393726307,80
1335,1457,1.3848810213008338,0.37011522539123376,27.297873879378848,32
1412,1033,6.486941287798543,2.963339242456592,11.777863774405319,112
1007,1131,0.8561182982698639,2.642758854129151,11.595898360694974,64
1482,1167,5.112039999128737,2.3901938199384767,10.05833187400761,80
1284,1133,3.65600821777452,5.131701779777112,25.85340366814425,32
1083,1155,0.698632607644321,3.9919938445087784,18.219194083409803,96
1021,1036,1.0869413670317174,5.685648426206032,19.573868939305953,144
1477,1154,9.047159470613893,4.440139117134082,18.408589907984553,112
1000,1232,8.34116141941363,9.302645407637169,28.213095302624723,80
1439,1195,4.564957567381246,9.983547059119205,18.39206930475399,48
1091,1117,8.685724326768991,7.338780225790058,23.947404071985346,64
1038,1176,0.7166860841332218,0.8915165473705471,29.250167995828736,128
1215,1463,5.433799843534638,8.594688484851117,27.44663352521991,144
1251,1486,4.520951388575517,4.835513492662154,17.84976778412919,144
1395,1392,4.3044480445458655,6.681337966109329,17.327638809171518,48
1246,1453,6.136170617030291,1.0017592055376574,13.123074559061616,32
1198,1381,9.940580722148589,4.099694731294555,12.819357249232382,64
1289,1299,1.009022816166175,6.780654492999779,16.95569146001378,128
1263,1477,4.8984068114224675,5.895807384280105,20.15686824228331,112
1302,1003,2.368824132008503,2.2120128953146847,11.868266576614406,96
1458,1011,0.9695152687265168,8.22462130248652,23.16136250739308,112
1073,1140,0.8627669221019424,3.7529087425071626,15.301132419277417,64
1088,1400,0.6231108525885423,2.8339923590070644,24.881079941698864,144
1217,1471,2.9007073649864505,5.351230828302276,22.551826086645047,144
1450,1416,2.941274838153718,0.9825011842429587,12.546654547482113,112
1195,1411,1.6985305670975812,8.034114645197345,29.62112901960959,32
1248,1204,7.365516509544406,9.914783296600653,19.690854911447452,112
1269,1239,9.0475734145213,0.6086388924648938,20.604358986288535,64
1437,1419,4.03214527288188,6.8903813210089675,15.391991179910523,80
1035,1348,2.390592051880422,7.904751937043953,28.345257751037543,80
1329,1197,5.119442410696258,8.884118468540933,14.083436526945558,128
1103,1450,7.570205365138959,9.4976146438268,22.367251360145243,80
1181,1272,3.151757003446688,1.0427321505583595,19.570237634834452,64
1300,1260,8.609510525999424,0.6399952186386294,17.37375317377977,128
1463,1383,0.35031807884515864,9.657599539926617,11.710400017222018,64
1458,1060,2.8615094180651885,7.5071503449424535,22.5918392903435,112
1182,1270,6.604130348116333,6.757725900473404,21.51398890361483,112
1427,1454,0.40727149557774556,9.332228240442342,15.509715260532053,96
1163,1310,1.500706482641856,8.232392805450049,12.684291482265678,144
1010,1392,0.15761910255964487,0.6868398278521887,15.228110381458716,144
1020,1132,8.885465021127784,5.935747825519928,21.69153587195737,48
1059,1431,2.44779356345921,6.588855545675249,24.87046686839553,64
1070,1127,8.093324129286158,7.366001514155229,19.918497491987182,128
1351,1224,0.47519517425682933,6.162924477097974,11.764350614535225,64
1240,1128,7.528658714921709,7.386313103346015,18.944549097497173,96
1053,1494,9.130484507038709,8.267650414677426,23.964911896434696,32
1405,1414,9.3716791098028,3.494044399201163,12.933717935570343,144
1363,1147,9.128585132725584,0.8272521616943934,29.182217887297647,48
1394,1225,0.8223146256939599,2.262890444574494,20.494552335476797,48
1255,1209,0.1780658970240156,8.510593997791457,19.704164335651754,64
1134,1459,1.1085733865954714,0.9051889848566492,10.59030602196433,144
1138,1345,9.58838613590542,9.453677633301654,24.177621197535995,144
1376,1168,5.094341565294816,1.351640345787144,20.496867218443363,64
1128,1358,6.2980103808994645,4.670323549607265,19.021374340334916,96
1037,1090,8.216139815248717,2.677802034641487,16.3347523957984,48
1201,1207,6.903494626756734,5.828093430141957,28.670541700727725,128
1049,1165,8.993404346290117,7.4721295962564795,11.219546527720677,112
1060,1050,1.0899930452583602,2.014931116116601,14.046901582836522,48
1023,1290,9.990488759382982,2.831224349794764,20.80262627536405,96
1497,1128,9.33208900400785,2.4173846606868854,19.06223138623776,32
1336,1383,6.68607454277828,2.925460467050872,11.661472160130284,80
1117,1409,3.9956030981135577,3.0342601327020797,11.751116358418521,96
1147,1457,6.730255057988658,0.6375604356860527,10.092172879823844,80
1130,1253,0.9252724808802457,2.246914371057861,21.2452019805935,96
1251,1138,2.1078640413414735,9.622243524164325,17.4092860034839,32
1417,1325,7.0270861505051,7.633921584703876,24.208678357733078,112
1325,1265,4.24606007392016,7.65233396661505,24.91102435272088,80
1188,1333,3.3143827404174098,0.24286263126859828,19.138423733272454,64
1020,1393,1.9553683338874,2.3216917355400284,15.383902985357645,96
1348,1173,4.748008598544087,5.378470906097766,11.072231512800336,64
1192,1394,4.544622431778816,8.731887796780939,15.444939003186475,112
1225,1277,8.424260203193755,8.95215093539433,17.835173912771165,144
1454,1452,1.0258088536516656,5.158940779188909,26.883876754658317,32
1217,1479,0.20822881849035457,6.333044068722848,14.306286656948885,112
1165,1322,8.900492674045976,0.8506691308156901,29.865611730920516,112
1120,1070,6.106222663801085,6.936452499815949,11.090194632177079,48
1268,1468,7.882029082721907,0.46479892953168944,28.306992608196584,48
1264,1338,6.814828539628962,1.9398101829880052,21.90232371618288,48
1181,1380,5.34003228429481,5.704961195895318,29.461696718439093,80
1191,1410,4.550355686532171,5.170803898354813,21.532726362129033,64
1237,1030,4.9417061689091435,4.537504505426771,27.240440077969183,144
1112,1085,3.616324950703372,3.772554373808799,16.658994779351236,32
1255,1217,8.056973395245398,9.39968782935445,17.577578814266545,32
1450,1297,4.203388724585341,0.36442018934797815,28.82748068149976,112
1164,1346,2.533896775417192,5.987063394990277,27.263968700179923,128
1040,1481,5.266790739955531,0.6057140906148631,11.629996742011667,128
1006,1341,5.904244595704123,9.044893387781567,29.852724304990613,144
1496,1157,6.04126052940083,8.977648450464093,21.336589373513906,64
1218,1450,8.419952287212617,6.853688802310541,29.87357543155931,128
1119,1482,1.7717181231594747,4.5232191648593645,12.342439369472487,32
1318,1426,1.1852678811261033,8.766791090595564,15.815373422249667,80
1189,1411,0.7882566568686022,2.523271546098894,29.20025057101309,64
1219,1237,8.974928492209528,0.9367516048751314,11.220918810204584,112
1190,1392,9.05293156677141,2.2335014133579154,21.23490604965152,128
1278,1243,5.951347503286345,3.365837973028248,23.00344438445051,96
1394,1470,2.054726077368733,8.192370711967241,15.759314792166643,112
1455,1015,7.042097591951131,9.90538881496679,12.630015456075679,64
1442,1276,7.214253597502987,5.847645283906339,23.281283937360193,32
1259,1422,1.395695905110768,9.473586329741646,22.896122584129543,64
1308,1100,4.811625451198,1.724735926706034,23.7328441041455,96
1124,1009,7.966303102142127,8.670769514561567,18.242310762585557,96
1030,1410,3.7573906270983977,2.278638368303382,24.21422067195939,64
1472,1490,5.210566069472049,3.4748763057150627,13.490247194963246,80
1033,1301,5.324952933793484,4.08531920801431,27.831689143592953,96
1002,1239,3.851677193483111,5.362196232027552,27.32268231022755,48
1420,1018,1.523038002392582,2.082720213635644,18.494415216529404,32
1029,1267,1.0789391340296246,3.5380064633594506,14.336234064769135,80
1254,1251,1.727589784973301,8.188764381829078,15.418946590386168,64
1184,1029,3.8631928974080085,0.4177834984745826,18.029201320640425,144
1156,1046,7.922507215420734,6.558402792445045,29.880723042930747,144
1206,1382,1.4512689584471936,8.064873339708116,17.637261748255728,80
1415,1117,2.1812123620384614,9.594332321525838,28.88715577974115,48
1114,1323,7.408489663530416,0.44021936011001817,24.98800717994667,112
1048,1074,9.822302982376321,7.199989522050727,14.616277840087246,64
1334,1381,6.820229203434133,9.37538103284768,24.993141904897655,32
1438,1085,4.846432034798274,8.340180846155253,16.80859204577511,64
1372,1184,0.6901544617524957,9.981513135893719,27.289800431563556,144
1305,1426,3.8836867513858087,5.8703359930462735,12.834128922457616,64
1124,1088,1.0825939802022553,6.879840405714342,23.55729144574083,112
1179,1037,7.255730477758955,4.228907521016069,18.040664287588182,144
1323,1114,8.659680225745971,5.415705626325356,25.99610119922616,112
1038,1443,7.234168658270743,1.8297279143993272,21.644202896107558,80
1493,1218,7.651338702238946,6.400639297479348,27.53315163726682,80
1123,1400,7.954142191017571,7.668891995257382,29.515632560965052,96
1254,1299,0.3076445340912538,5.309891464393849,22.118230981590717,80
1362,1263,2.022272994769096,6.579513397763337,15.719454133654427,112
1018,1069,8.147696464462541,7.723462828169329,22.925556428491614,112
1233,1447,4.210706696153539,3.147109060011494,12.771269064363445,48
1466,1394,9.813179884549648,5.776933430364889,13.962803027874337,128
1186,1173,9.074584330417924,8.876717670420849,17.718012516340586,80
1324,1385,3.576289318459296,4.945359153192878,11.531982201434541,64
1368,1173,6.610427816551818,4.045691746176238,14.402473453615244,144
1308,1415,2.657064748682826,8.29116313969271,20.795734215947043,64
1131,1349,7.970221633974557,1.8891871622952743,23.37175585491,80
1057,1025,6.423086050837983,5.978897767078983,25.775596770764615,48
1193,1025,0.45761053585173894,4.034923755536137,17.499920840683735,144
1326,1138,2.2088073438867912,7.431911858795507,18.78490742657185,112
1496,1082,6.599709432573,6.659697862524515,13.529588052294582,96
1152,1409,2.4116058199803296,7.219595485956525,19.526056913312644,128
1407,1286,2.8682443355359566,7.954573221719162,12.5588597062532,48
1447,1028,8.010860022622852,3.3578157716157206,28.217850240377235,128
1307,1346,0.5978821763173303,3.842226877831032,11.993060974079636,32
1160,1480,5.781073339730171,5.161943306024426,11.934401306417296,112
1162,1212,7.358120656529262,2.7867829839181972,16.39395215299074,128
1366,1452,8.210287359871572,6.713787297502243,15.296320208397276,144
1342,1090,0.8856025197276675,5.6742492935039435,12.368907847204607,96
1389,1419,9.375671471392947,1.8374105752112042,28.606521216170623,144
1441,1046,6.443971816065722,9.61550188570643,15.72506216405976,48
1100,1060,3.1181454579548613,7.85894960189184,13.639199212725604,144
1286,1003,1.2418445630026127,1.532084933580063,10.689872555886888,96
1462,1058,2.9410019664552247,8.164065065811432,12.766786289877244,112
1391,1345,5.606169156290653,2.533234816583967,24.502891267405573,48
1223,1359,2.672257213875278,9.965016307544367,29.022418924027832,128
1046,1325,8.343524359524164,4.81082322312176,29.319078826891293,48
1185,1293,3.7214107073880287,0.6847164409066023,22.871755695318264,80
1498,1391,7.017802215795135,3.53446685465286,20.712046901522758,64
1461,1254,2.7137715068851485,9.62954731602526,25.85631101873603,96
1315,1012,4.321368255040278,9.219285594918384,18.970512306427015,48
1048,1479,8.722373667059744,4.4037376020224555,13.983072891444891,32
1484,1275,0.13130323242722222,0.7524398725492033,23.884283418474123,128
1441,1055,7.724183336169301,2.6827128142372425,17.578478809535277,112
1171,1436,2.1722512095942075,2.674832771786375,24.02285988998495,64
1032,1090,5.073400423992816,2.590976681915435,17.119086839859847,112
1410,1326,8.846105641633653,1.5267466351682473,19.996898869312894,128
1139,1415,3.11041014684579,5.742527353498189,14.028479555755824,48
1111,1261,0.11694157483025418,9.799334170725535,20.152087399168934,112
1145,1499,0.6597950252195617,4.133489901576393,26.058240556071592,128
1401,1276,3.4679349016455614,2.5930639560837423,28.1534116098365,32
1355,1113,9.838955482784414,4.25238282027234,12.307284613757082,128
1204,1041,4.215228780044123,3.5258454266199815,28.278989432601108,112
1482,1249,7.9769838277619955,4.566817530700032,28.20329876394592,64
1306,1285,0.336783726769593,5.8265500953201075,18.288411573934347,80
1444,1388,2.8758523306450128,3.7476846854202774,13.037347043596592,96
1093,1473,1.1795006297858464,5.823709622701297,25.924504129362255,80
1200,1348,3.022964630039517,0.7519497898203686,23.582718453527924,112
1458,1130,1.3032599735149912,3.3177602600069354,21.54801562581315,112
1188,1448,7.279477442794959,6.058210329688018,18.558928309484436,64
1142,1059,6.745570802148298,2.894937319174377,12.672784338018584,48
1467,1111,3.233021970968006,5.882572735065106,23.153413944587825,64
1097,1320,5.888243112096771,3.8465184238321317,24.97086501320758,32
1500,1179,3.512759204501874,8.696071594129213,19.553245536775727,64
1367,1479,2.2934965418364794,9.98627505679468,21.131053841602583,144
1385,1398,5.091671985464296,8.83095005061315,13.442617188420687,64
1123,1099,9.775189533789542,5.392426781396191,26.193750196880305,96
1415,1058,9.30255297270006,8.487812843917359,23.235375144908776,64
1249,1304,9.707702394880858,9.561338744896627,11.700960575202506,48
1059,1315,5.380341859573459,5.165340549531023,18.329946238541837,48
1105,1272,8.005821731667245,0.41519963490412404,12.369942848442632,144
1411,1171,5.340544751653925,2.107219293511135,14.400392440401074,144
1301,1244,5.093858085576375,2.2875682018431496,20.352092702021086,64
1347,1414,2.526809843512852,3.234245361786903,29.933349975517377,96
1238,1071,8.952805551256658,2.9849638378762964,17.23776273610661,144
1462,1134,4.576872376125032,3.362218893832954,17.135674596530787,112
1347,1234,6.858552243021433,8.18079106493431,14.170025051563318,64
1260,1137,1.6493979171643316,4.392749758722789,27.450231040079174,32
1437,1288,2.588478470112621,0.5594544951803674,26.343004988773057,112
1023,1184,8.5131125152618,1.313436625662583,15.859587411790626,96
1389,1482,6.080082508592377,0.46477416795384097,17.68772398110582,128
1029,1026,8.19319614799248,7.073738966588894,18.91081501055077,128
1292,1169,1.8008006750951198,7.777646552155989,29.227736817496883,96
1030,1309,3.6609976066125065,4.267988434328418,22.514311151597518,80
1138,1484,1.7222473831370269,2.930909145834071,18.735836561763072,80
1038,1314,7.841585905175925,5.049281123389756,18.58213955054307,48
1499,1335,8.66250456367893,0.5052387685263455,10.688588196211708,144
1154,1231,9.653855809037108,2.271018171412916,27.401171262328113,64
1116,1421,8.782815724700463,8.979645209566279,13.873309918844095,48
1437,1324,5.8076119458262,2.370386030143889,24.493363538085447,64
1151,1198,0.6735492058679656,1.6667817345333547,11.690650881321712,64
1189,1001,0.22752863617681188,3.5757742522761,10.202336269764245,64
1441,1107,9.471811147254655,9.550250385703023,29.45271820419979,48
1200,1375,5.8504747210549715,4.090567085147956,14.799738528452798,32
1038,1418,4.415890863423165,6.315062215998464,26.60712065651059,128
1408,1318,1.5100305179013507,9.73700407741339,15.278506815039844,80
1296,1424,3.660073589202923,2.086094822670961,11.272852250234223,112
1209,1374,2.3744436607220796,4.458824584924798,17.739965338118708,96
1500,1353,9.276363548720134,1.6792552308993631,16.814436024778868,144
1341,1261,7.627351030466355,7.452601018469896,11.059435342802427,64
1293,1464,1.0381220456059221,8.872816873916483,28.56095290281845,128
1277,1298,8.601777209159108,4.344016635779258,15.930231856474766,80
1030,1016,8.192812321389514,9.897813434220192,22.80582197330886,48
1212,1386,4.39878861649357,2.378544502946827,25.38329188430043,48
1355,1442,5.843806129546008,7.085058541977295,20.138686013342728,64
1213,1311,9.701570186180597,6.395075296904849,26.43220420935333,80
1433,1465,9.054979810913999,2.2266191876628487,12.37699957424291,32
1009,1057,5.909478282035751,4.344515829143722,12.052694276342624,64
1439,1297,6.699514076379347,2.939775820097991,13.945128151035224,48
1305,1339,3.866103862064349,4.662471364084244,28.101189245975696,32
1414,1485,1.8137049862972647,2.8380208985342734,18.79468316457245,48
1320,1309,2.2644879877704858,8.275641495928438,26.40523988817305,80
1300,1139,1.229915123421308,3.146955472246398,21.314525327722023,48
1078,1137,6.387343288463751,4.896472978436378,27.47199357828729,128
1127,1134,2.529092384784478,0.4518251947870626,20.80956176428383,128
1290,1025,9.323497751269498,7.840530240938219,29.891936680337913,32
1214,1309,5.539979660235967,7.883693229988507,19.67563598706464,96
1099,1486,6.488138626938182,5.4067003526355695,21.999783221290347,48
1414,1426,0.4033834191144845,3.768160221133414,10.72363505441886,64
1462,1177,3.6174877273224744,0.23792112664477616,28.230919732067154,96
1382,1076,9.925374367877811,9.92195890343396,16.695633746831213,48
1193,1094,9.856793433054671,6.79294085941124,18.663678524491665,48
1481,1203,7.662344310183834,3.8712270858043873,24.41507768265624,96
1175,1030,2.197801577908548,9.115752303784767,23.608999843128377,112
1475,1173,8.924954233833924,8.845083236834903,14.853712438381638,64
1104,1338,2.6452578288552124,4.800435270829014,28.039192363035625,112
1480,1004,9.026114464055498,5.748835285737796,16.102374029103807,80
1049,1270,9.726433510112692,0.7566375742977661,17.132803622351645,64
1249,1208,2.9946152980986103,8.392572652825528,19.436390687389405,96
1230,1267,3.6281882590498045,5.298080846451515,17.705235024601354,112
1434,1098,2.0544843774896684,4.194906683517878,19.597149266417,48
1261,1168,1.6533002347041166,0.9876292091110926,29.05946208787022,80
1057,1228,9.712408919225155,2.842265068648799,20.419085719827727,32
1101,1356,2.0491887152887975,3.0631391071469807,20.22080015463025,96
1153,1173,5.873829625034206,5.5318997316788945,23.540020365492698,128
1188,1315,4.180491547222973,1.294119467031902,27.87162902261069,112
1132,1230,5.0376419876399945,2.379967645542988,18.978651763512673,64
1341,1480,4.511708258110239,0.568023692995359,20.834745639675603,80
1390,1006,4.75697259845976,1.0655529508645532,12.033720923216922,64
1427,1253,7.812274607076488,0.32782080632729027,14.511690468740746,80
1122,1194,7.499453237243249,7.200312859945766,16.85736376750583,144
1373,1337,2.433952870247564,1.054198962034814,10.16742155966236,144
1008,1212,7.1213800846783935,5.238434804524044,22.363248219043648,64
1199,1098,6.12040998577408,2.280994434238725,22.873322395688422,128
1402,1110,8.48105306729759,5.890269553262537,21.956949155806484,128
1236,1123,9.323896258223721,3.162758316170891,19.939209261590698,128
1344,1029,0.7791312839692484,6.221576710113405,19.4020009498893,32
1249,1283,8.27292396962558,1.155814776301535,18.364039468311603,64
1144,1203,2.4951009496532093,3.712043258303465,19.468821089266,64
1393,1151,2.2877690584664476,0.1789908930463326,27.27961679128452,32
1285,1238,1.9691679310220829,1.200443306190096,24.258265066458527,48
1352,1192,1.5942420142816276,5.569287213770054,15.678379024175332,48
1390,1252,5.853978862250676,3.179370546097149,11.49715117639854,32
1188,1470,0.21603861904323088,4.955989375736612,10.78843151425022,128
1333,1342,6.559669475842492,3.7055703347880087,29.09151128260706,112
1107,1162,9.59702366915636,0.7424382749181629,19.495781375231722,64
1349,1256,5.15242398300796,4.439803307816311,17.618316301986926,112
1364,1393,3.984028809441509,8.542411946493567,17.654003229823452,144
1240,1351,9.556150801707616,9.197002741074547,17.725156457343346,32
1305,1308,6.026607594157735,9.306326289353576,29.488338534907903,96
1093,1088,4.732290335786221,3.642807315699063,15.130307628790558,128
1049,1180,4.828424227390257,9.496979623936417,21.427944272890443,48
1418,1263,6.807849485927279,8.94937622067542,27.347704495668847,112
1010,1459,9.509811094496419,4.684406746645599,23.351722471036375,128
1364,1170,3.316554128335361,3.0157311724219844,24.335645655151843,48
1423,1161,0.27028920378803384,7.67771133037216,20.218413969762516,80
1242,1382,1.2337252219448291,1.2915033141044656,16.054195170268166,80
1221,1352,6.72429509811447,1.100048318221083,24.345784281064983,144
1257,1465,2.1611908669871194,2.23153369704995,12.616351709522837,112
1434,1218,7.715940811586865,0.7255682809516473,17.627602555387014,128
1114,1071,3.448208980705309,5.788186273808191,25.86734503028321,80
1031,1165,5.806122592081031,6.464209548056226,27.019988058041733,96
1168,1092,0.22854376803119963,9.037513440970656,16.62656802446141,80
1284,1406,4.969600545015752,1.272219013443211,26.428880102095146,128
1116,1427,5.635751808132877,4.880182705908739,16.934751838708188,112
1244,1033,3.4631087390135966,7.308321444548899,11.640408489720677,80
1357,1422,9.00090307558122,7.090824801868917,20.990922648547112,48
1048,1085,6.9252132266486,4.029751398256163,15.426693616146014,48
1485,1322,4.54889841325449,6.001636685278141,25.72740317891091,64
1021,1011,6.660878536453064,2.5732021671975334,20.982209588764896,144
1447,1263,8.191058512976898,0.42203877774795895,16.141569445308708,64
1143,1331,3.3090120804753056,7.059615276212567,17.691471335615574,128
1400,1068,7.302181321500319,3.4352536303278485,10.094951514325508,128
1344,1398,1.1403381536828392,3.145257972170011,24.971750100569565,64
1412,1411,5.864890329811298,6.129987112631384,12.433274621016299,32
1417,1126,2.289114395064349,0.39851524199771615,21.65653324242151,64
1297,1297,4.203793259650486,0.12351472579298169,20.784925333637556,80
1206,1465,2.859004922404298,1.6364782403589098,14.622531378187755,96
1089,1081,0.8793421253471774,3.385842029675373,18.242909017781656,32
1313,1203,7.259503508185656,4.11441270366765,18.7316850842752,48
1003,1311,3.709188237815238,6.252524997765462,13.074881722188154,32
1057,1003,7.379349221832924,0.421640747069309,24.06215608858787,32
1380,1169,6.212843072082046,3.4785411231831467,16.56146022819204,128
1110,1130,7.174430693160292,5.460509827701012,24.014428971404055,144
1223,1110,2.618825258680329,4.568090259406387,12.047893126721991,112
1242,1257,2.5774605949695264,0.8811057046267554,21.84556415163044,80
1378,1015,0.42493009555713346,3.8148150835532055,24.757113814175106,128
1221,1000,4.3643437128035,7.235645344458124,26.432094805209235,144
1390,1269,6.738772735248645,8.733494545710766,29.27937376882136,80
1293,1092,2.9600242444044524,1.7663799551397255,13.995621241144857,128
1346,1029,7.2123907356018,5.398511547646141,16.007404698801597,128
1135,1041,2.8984006929775767,4.975942561364943,10.723290008945654,80
1276,1025,5.791325456999976,3.7690319528228065,11.91956015302393,80
1168,1384,4.449653107000042,7.104002877029616,23.383657279417278,144
1274,1116,3.8156337657631343,3.69453396793732,18.551819781665795,32
1409,1050,6.8656441774491075,1.1610073180068807,23.031290577111417,144
1133,1365,9.582402950284688,0.18548457962026704,10.60813321521443,32
1362,1053,5.068708993402015,5.737318023315408,28.64084466669297,96
1085,1292,0.1697789783471606,6.110665003798985,11.65215503382716,32
1465,1149,5.765307600903034,7.781894463102485,12.56068150148813,80
1477,1205,7.572665869092628,8.23108216929383,15.590528712672139,96
1156,1024,2.800944033320121,6.019833478791473,14.702116851270173,144
1493,1126,5.714672406169687,3.3127907075160103,10.65485360628439,32
1002,1471,4.442462170607173,4.947289015531877,27.552735552386267,112
1223,1135,8.166760316479706,0.7173941533716416,29.7912957106002,112
1038,1500,9.489513550369201,9.27102647466027,17.345688000248998,80
1477,1417,2.6767772482333747,7.635530615258121,25.862146138319083,48
1181,1061,0.12144846512877343,9.35669616959059,28.17280166020244,80
1068,1214,9.040913512991567,5.073014218631436,14.95374815757354,112
1455,1189,0.8560098238111422,4.308577769553921,21.058887036928944,80
1224,1103,7.526454309108831,5.923539421184482,17.161368612202246,80
1122,1048,8.976419679203191,8.732823747372546,20.2926923554202,48
1240,1176,8.048125468696087,4.844955539362821,14.914832457151263,80
1197,1329,7.777646616028261,3.34521519066401,10.405298476230364,96
1084,1126,3.0955395681010907,7.549853578557622,16.337355828662737,96
1395,1198,1.1393086603428875,0.175465351934681,15.07018905417751,32
1276,1025,7.901936314223408,5.246878110857247,28.09114785668358,96
1253,1046,9.444892876590366,1.826777866626515,12.879307316000597,96
1292,1329,9.802445075339026,4.908360683443776,29.980439399982007,48
1220,1390,1.2032345266309568,8.682054880311656,23.754973444884946,144
1231,1015,2.281989975139976,6.846832557149226,21.596927644213647,32
1324,1198,7.840043349033436,5.840435275471903,10.923331145471124,32
1165,1421,3.3889831881496058,8.371606169302165,19.464368361735655,48
1080,1456,4.301545007080343,4.605447348005496,25.426620151282442,128
1293,1368,4.2594992879815905,9.329939527669707,27.039827310508837,128
1420,1132,8.514659835971823,8.782409454609466,29.404163071519555,144
1311,1438,4.162520860521568,9.856888542919982,22.20240687596859,128
1444,1481,4.64394598642951,5.104829455151542,17.161313609344944,112
1493,1413,6.783095203641798,1.9546806364157494,18.150091267143015,64
1067,1327,8.59032875654231,1.5081268346395713,12.097379544922456,48
1337,1082,0.31081057671542967,8.816649358973608,10.314024507185685,64
1150,1055,3.850086070719129,3.4134423725308984,28.506828182616875,48
1278,1358,4.831927363197269,2.217259786986222,17.493995363590617,48
1366,1349,2.5193268830078344,8.00611378551981,11.651760122738693,32
1433,1488,8.164306477250925,4.158198101779759,11.11132824355067,96
1332,1432,7.030710441127612,5.450799897051995,13.697885957962255,128
1192,1196,7.635059930097111,3.1417527933894362,26.754649786793053,80
1223,1071,5.901475267700925,5.0575394652091195,17.949412474598613,32
1466,1064,7.821476707843441,9.617844071045173,13.165982175798925,112
1202,1000,0.24982148018153333,0.6300737636098565,14.010156620039515,48
1444,1037,6.5745088182320615,4.4205422405517405,19.888416916279194,80
1491,1075,1.6321867517996376,2.24334645878254,21.22472636365562,112
1326,1411,5.711526110020661,0.7323873531157553,17.129806547591457,64
1030,1471,3.7342531873911278,6.9216406102234425,26.810484726263375,96
1175,1135,9.799010132381897,7.739748604868896,24.87687913809042,96
1272,1237,8.74047275449208,2.284249524558099,29.34440944728764,32
1269,1144,2.8351592927117464,5.293236494894822,20.01026626170976,32
1211,1248,4.956238372605604,6.662807087294191,16.418069161689374,48
1266,1092,2.4572670428441326,1.036921640300277,12.03231825640332,32
1202,1369,7.616960477623961,2.801266092655628,23.782451548392704,144
1244,1416,0.7829581382811853,5.176937958464899,14.804140811663398,144
1469,1296,7.233565399417618,1.8324435734396332,11.972905279278214,32
1182,1337,2.9226097448875046,2.2715817015995903,18.549460606645553,64
1139,1314,8.721830390128304,2.3351674746935687,26.874099170969902,96
1315,1360,8.773684280564812,5.530220695198553,16.54441705348264,80
1481,1130,9.046516945277697,7.98780879105302,17.263029506259613,64
1482,1120,8.038082845204945,4.634122837104705,20.000259563003496,48
1084,1317,7.489412923783418,6.628551250954864,16.63126550219075,144
1078,1156,3.5167144550810936,4.629704429718635,22.158956395697505,96
1086,1447,5.990343668916062,6.360851025958919,17.666831766913294,32
1053,1053,4.862220007155276,7.61587752564919,23.391224229357405,48
1377,1324,3.0370407450719705,5.91810895352729,25.250894880675574,96
1449,1486,5.819811480663947,6.932777552988127,14.599787978582569,80
1280,1301,9.988451492907991,7.765166482914923,22.340586608072137,112
1052,1462,5.933213460279275,2.494988397621645,25.700222521234416,32
1214,1059,1.6083033880662805,2.115086854264875,26.554796500170244,144
1049,1246,5.12878685813183,8.68032590641553,21.344571273937245,144
1114,1366,5.0533490791751365,1.3569663016410505,13.122602324969424,48
1092,1095,0.17398136573498407,3.999859672842944,18.710687271780124,48
1468,1482,5.322962288536373,7.845038041517779,21.40598147642531,32
1419,1042,3.9777378908595478,7.59799877183276,19.90912431934327,48
1381,1263,7.3945855370060265,2.1570806921007923,10.399415018279576,64
1198,1026,2.9415365820905754,1.553675981833267,21.77905555751836,64
1314,1392,8.936268166284231,5.369438976013469,26.56397524593945,32
1450,1401,8.321082270126986,0.31933586242754725,21.17092894340538,96
1500,1059,5.099551030970578,4.175826899468609,13.628555259563633,112
1336,1304,9.79552507671406,7.02520612596837,23.937633349751792,144
1265,1389,4.716106753343756,0.5319777178389277,18.991875986727706,64
1228,1015,6.391701091406489,4.87811374583098,29.913760003798597,64
1073,1171,8.158418820771383,6.7677930389303524,16.831541208133316,80
1043,1294,4.4526734560262,5.951874187631804,19.440393896036483,128
1295,1229,9.711504864125617,5.050053319453484,24.29148239784669,80
1460,1366,6.298317550495122,2.9710940745955554,13.6780934270079,64
1432,1295,2.504774560334243,9.862918429739581,20.289971537250068,96
1487,1439,7.997450424871159,4.230676794661314,21.860824083743438,32
1145,1223,1.3256756003888808,1.2527770567290686,28.531971886054595,128
1340,1089,8.265529520719298,0.21428983932076012,11.280470056745775,64
1419,1240,1.8142936408279302,7.571620155326744,10.674564419191402,32
1115,1024,0.5151339141199007,7.77766051509509,29.724396967811433,144
1284,1060,0.4934984445648446,8.995092587784963,28.492509353874404,144
1459,1442,3.203092266473433,2.6966054751778072,16.22957307703703,80
1473,1050,6.489240962475309,7.680825449218997,23.31374880986371,112
1353,1036,6.983070126922763,5.219580760631751,12.011330753171451,112
1118,1124,2.8526150733856714,7.633045675656311,10.700651976676792,144
1365,1085,0.8296817140067577,0.7217819682646042,19.571907847788193,96
1358,1089,5.272516692756384,5.850488429378065,27.881964548988396,48
1112,1443,4.378933857175205,3.0163046093757306,11.347506782520373,96
1338,1456,4.17337639084683,0.8432699990924298,23.839999499651086,128
1128,1006,8.687799522763868,8.720065933323673,12.795675226783793,80
1309,1101,1.602554837778693,5.730261201181026,25.01290854833765,96
1072,1151,5.281232099764565,1.4072602500624152,16.166363961050678,128
1333,1300,6.843245380544228,2.846643190248066,23.626412377163156,32
1093,1298,3.640158749738787,5.300060474880385,27.254212327170624,96
1473,1467,9.781277484102342,5.679082606107771,18.407691512539664,144
1163,1082,1.9959482707353762,2.239340475815406,16.888308790323958,64
1177,1351,3.0922436962427193,7.214549135065709,22.075743747373163,96
1235,1120,0.47511652342055266,9.769629676611999,18.610432067405085,64
1216,1077,0.7226979005339295,1.7412555580979825,15.182323542831904,128
1322,1158,7.341066821748023,7.2626153283575015,10.66189172015806,32
1189,1454,4.243148455208742,6.145431875536445,27.939551360229743,128
1296,1427,9.536476852123307,0.655476699882788,21.45054663107424,64
1463,1309,0.30509566928809845,2.6937854784427637,17.64070010510146,80
1107,1098,5.0716343560682615,6.3376045015490785,29.99676907306053,128
1087,1108,8.49790924794172,3.3197783287457674,22.142533708824967,112
1189,1419,5.492821970045633,2.8685094292805475,11.288715495707635,32
1318,1199,8.35878292181538,9.652490620824318,15.640922056975876,144
1223,1365,2.305619955963733,3.6764672149833673,17.9553211007806,64
1117,1093,2.1728537010971714,3.9697797376409407,23.675625494105958,96
1126,1195,1.7476346391939037,2.4747600991526992,26.05680632764481,32
1155,1422,2.198241628576462,4.771708798440513,10.030431660309823,112
1282,1260,6.600260624791083,1.5698658850919023,20.72025584050028,96
1234,1140,1.3555156908919943,7.201198076345542,17.61565883493734,80
1382,1135,6.970716372207234,1.0277352292224775,14.378483152577143,112
1132,1167,2.0123779790185417,8.618967322316927,28.03208507431741,144
1441,1458,8.459073932700177,2.324469068900656,12.973788801839671,96
1218,1392,3.8203831405294655,3.159209059489929,14.453837122880074,48
1464,1198,5.229682721321831,5.035321467087142,17.624083319354906,96
1343,1170,9.288389736845199,8.245543220909607,19.38964512466148,64
1317,1079,3.716924907455091,9.85761407985015,21.62908484287277,80
1083,1289,8.177117022456477,0.32299193284242267,23.254492158712473,64
1288,1132,2.3046564856536556,8.15362235861861,26.796907562471198,64
1126,1330,1.1102809496895014,3.1887714659027075,18.37230571113669,64
1176,1095,2.3284560195224584,5.5632541667033575,19.24853749891214,32
1214,1067,6.1923333442309385,7.868982452607508,23.52756995893224,48
1245,1293,8.716699692047685,7.417612119263917,24.030139522570078,128
1242,1120,6.944708047125337,9.249427227654078,11.486992128681635,144
1368,1163,5.088132931540789,3.993270534220831,26.547350682145222,32
1358,1499,4.613929583969614,5.912839796008431,13.379818021850873,80
1073,1086,7.53974545355911,7.985401695878718,26.048945415655176,112
1189,1181,8.229519342640883,8.630916072145109,19.650838763212782,32
1042,1168,0.8962750025197425,4.221391264937039,29.120534655373163,144
1258,1135,1.474592183730775,2.1686696022388547,16.88147006894225,64
1104,1388,7.124701983795997,3.8445684492098824,16.179685617187342,112
1101,1173,4.432494796729476,2.7842789787973317,29.31345806801394,48
1195,1390,0.4618873131374338,8.263873910340067,28.916463794630538,128
1450,1146,8.905140567107322,9.819826792722601,12.609401225778111,80
1163,1014,1.6920939193698656,3.9832851775105094,22.95960855613223,48
1359,1472,5.990498786337882,5.098898914871812,13.102313835696313,64
1464,1198,2.9226796367863357,8.765223072018133,20.135967752533013,48
1205,1361,3.0522701609570384,2.0203897064523906,11.179806145904108,48
1315,1085,9.20605108042873,9.701585662218298,16.541723466908447,80
1344,1260,1.5646679506763337,7.209582843683335,26.18646106419574,48
1090,1189,5.920644178613772,7.120177672376523,22.095034996897116,48
1453,1307,9.705315175815752,0.8164340033725808,28.168169576826045,112
1395,1067,0.6438442303663302,8.1130985958345,10.3584571980887,144
1036,1240,2.3631976322575463,5.9772152043138345,13.528448153908407,32
1102,1444,7.8235971936307624,9.987466556141188,20.315968931141725,128
1277,1206,1.7891352210707725,4.463126063083439,26.108168697839286,32
1249,1204,3.024771885197132,2.729009012375843,22.793294513632397,48
1476,1377,2.2201108250918615,9.575983368027163,12.810592594864447,128
1166,1012,5.184687280587464,6.0586396086668675,15.398220842290735,128
1478,1445,2.8459562503976064,9.028779365729397,24.60470191309721,80
1074,1392,5.164463542109527,6.9882445880710975,29.70672847916074,64
1471,1258,7.310814642265237,3.6555388048693955,18.01307632472896,144
1036,1409,9.534936941613719,3.1004511550755116,10.058071102742222,144
1054,1395,6.386120782805262,6.769137376831965,18.78414149497062,112
1007,1158,7.945725515865703,1.5741767234720832,13.389652992577545,144
1480,1483,2.7937446571612123,5.712909205855189,19.54740215357728,144
1144,1261,6.3685828881223605,0.5992237117032981,27.29783091126005,80
1378,1193,0.16987556914575466,2.304125354054933,19.911590122556785,80
1387,1140,1.036870628230485,0.424793825425859,10.83479764075349,32
1398,1087,0.442861261934515,8.826914591376347,20.48078535222962,64
1076,1454,5.767854001311807,4.397115393554239,14.664532083084092,32
1147,1346,6.133063391697489,9.561866613233592,23.635189471386283,48
1467,1458,1.866868067370805,6.106753487936363,24.579295916328874,144
1027,1437,6.347985454200454,4.463416474573652,12.99957617533386,80
1037,1215,8.18768863195905,1.766835279290904,16.534133081481226,144
1438,1302,6.891752014813397,3.4591657622813137,19.51232423695695,80
1063,1164,3.5167051972124685,7.848003809004771,22.025933272762877,112
1327,1257,9.60962520582663,2.693141811741964,17.605986048207242,32
1112,1356,5.558742992173503,8.706145029321409,20.116803938725624,96
1200,1115,7.678751629307738,2.9813652338981114,10.351404326966751,48
1472,1367,1.7336171551416018,1.4731432078622884,22.501436873368384,112
1009,1187,0.1405799701476202,4.7450009639315605,19.16023992465631,96
1498,1474,3.0143889311501737,5.17970452418498,19.866953819443758,32
1151,1265,8.852087113336554,3.7402673856171336,10.676121158288709,64
1472,1154,6.630019003474595,3.3192469730898764,17.017387046235832,32
1137,1499,9.013238196577287,2.3818282559121693,19.615225856448497,144
1282,1244,9.203408082934322,3.453013967292552,10.627751548525046,96
1255,1186,0.1536652561270977,0.3807121529297093,18.371265941729952,96
1103,1256,7.811819191605146,4.5027216408889394,27.82858276934236,32
1406,1275,5.907232779346837,7.550828250119701,12.639514944840236,80
1197,1157,2.66771836150486,4.031249889279359,28.236368703644853,32
1301,1133,5.528407691037753,8.515307148080566,22.425967015400698,80
1249,1225,9.699212372592546,7.807228535421273,15.91635339595,80
1488,1439,6.455084392155109,0.4639043759260302,20.670771467066096,80
1495,1067,5.415132521847533,9.59692893125042,22.269431457894186,112
1468,1115,0.7792912476847459,6.3496753144412725,19.900731756635096,80
1468,1132,3.5225101530249874,5.788209177931279,14.98770151524875,112
1097,1273,8.970872088332108,2.0154300058887484,15.674101806797516,32
1249,1046,6.317616548483846,6.715398599268213,26.114746979215557,48
1061,1132,1.465328167369276,4.030057885960812,14.878733454291996,144
1112,1111,1.7552082768118664,4.339555933707951,22.856405904050288,64
1466,1242,5.117379780093563,1.3922870806982235,12.439229061807042,64
1011,1111,6.1614467492248055,4.611637460831719,26.333330501878418,128
1333,1091,0.7559574948638665,7.63981064976885,27.39016265818153,96
1194,1257,4.654095745518132,4.837866630807225,19.46199082016127,96
1326,1205,7.005815295166358,0.4194750932048664,12.69934721511693,128
1197,1199,9.705834625689002,3.2670210528530106,14.62739523026338,112
1325,1213,2.2640244474196987,5.058948962780851,19.651378147190012,64
1067,1209,2.160869030775378,8.60049452975068,20.062662239703712,144
1239,1151,3.2179153654032975,2.7354891457128083,23.80172816165051,32
1158,1294,2.2798858963000748,3.0679329796261703,21.689947310220106,48
1226,1277,8.284380128180334,0.36455608374257453,12.909522545968217,128
1008,1026,1.6045047437831212,6.59221526502597,21.105112619494385,128
1441,1340,8.645599989524285,0.23365300708015035,19.357306167674494,48
1052,1465,8.116954763781054,0.5845284172354752,21.602921989288333,144
1064,1220,7.709412597737281,6.8536318613064955,12.514683368868415,48
1004,1040,2.1153505347207755,2.487460894449556,14.622013344725211,32
1473,1047,5.096700310612753,2.904776789291592,18.75798798943506,144
1251,1480,0.13044361458557613,4.1268669477277395,18.00911449227859,112
1077,1190,0.9058624116121943,3.388844946831317,12.026769659023316,96
1084,1018,2.614219516579976,0.8120872541071293,24.843531575743164,128
1325,1383,9.199935470921947,8.285456445210714,12.107495343990252,80
1489,1375,6.352450718595694,7.329888790875156,20.189129884412242,128
1277,1005,2.4342011113108266,1.8236985292809527,17.155974138420106,144
1346,1272,8.314567280660992,8.272499413413504,14.2608113696581,112
1251,1321,5.491420601957226,6.416805412317345,15.642631773429835,112
1105,1218,5.369141039187068,6.808106433336748,18.465665570382242,32
1034,1007,7.923438008892573,7.65119353611606,25.423473208333462,64
1207,1350,3.921580616537551,9.972355254909623,10.141029544716766,64
1059,1339,8.016384883399908,6.792489856124234,27.264491361488183,32
1282,1262,3.7344409762746955,0.745469155575973,10.38014473569664,96
1485,1347,8.97726257049972,6.425155532075988,18.538639746565465,144
1285,1082,9.057168678580226,3.1098232537668493,16.465798617970353,80
1017,1444,4.369184096018697,8.397832972104418,20.937652848762514,112
1471,1283,0.6117731201055042,0.6631179226489928,12.01251412631475,144
1290,1445,8.503939036493238,1.2602020569563384,27.42342544331807,80
1314,1192,5.660225619648066,6.161649549579869,29.286172049452013,144
1486,1064,7.365423478402261,8.062572146918344,12.513489261559878,128
1296,1097,0.19660662942311163,9.262679272096555,14.30266114532579,64
1321,1400,9.806558747917334,4.280479285329752,29.391863459828894,32
1248,1148,0.7980843377049298,6.232249481479565,28.47416698246882,80
1322,1235,3.6173179480034032,2.335191119148863,24.945512444109426,48
1157,1095,0.3150326151308866,8.929670945695952,16.572204681957345,64
1405,1327,3.4523682970335776,6.600960107398288,20.335651695458722,80
1256,1070,9.252553756869052,9.205814935574702,16.053074250783588,80
1033,1367,1.4269650881917932,6.721432068854017,14.550615908184453,96
1225,1210,3.6676787649381155,4.590974883351807,23.205749015241583,80
1471,1248,4.62671651507295,6.651954659862691,24.951315879573635,112
1245,1445,4.597249736064078,7.802036788905873,18.07018768910771,112
1356,1298,7.3452200686378495,7.642726192089449,12.563102783110761,32
1259,1464,9.53028007706538,7.903446245636556,17.6631410151401,112
1436,1084,0.5983413941766386,2.680993444593831,10.488698666263724,112
1161,1172,8.186191932086887,2.956774705709227,22.66091692201076,64
1276,1272,9.820776863749604,1.7994333095686819,15.547597836237195,64
1116,1160,6.427556554888881,2.253612163003141,16.225835264193044,48
1092,1293,0.17134827017874388,4.315168159781789,10.434775064984233,144
1394,1225,4.412242508811693,5.164312682549037,29.479391952586454,48
1498,1261,2.9342786916910306,4.87143539171436,27.997826229510903,80
1300,1233,1.398003970920765,6.301109182291477,23.71436247733027,32
1468,1053,2.1414301860383183,7.62429446722502,13.262098686929882,64
1444,1165,7.1893732774415415,6.891372799884332,22.160781655413366,48
1304,1343,8.953191948817011,4.07573148416878,12.618822012146387,112
1143,1440,4.095704703657963,5.392535006511136,17.974612005866923,128
1018,1171,9.29854762604555,8.718191760581496,23.684485924348394,128
1394,1451,9.00767570311605,7.09851194217892,15.34135900955876,80
1267,1148,6.478170601641395,3.894309766532223,21.480944481804485,128
1137,1191,8.404309484539322,6.01573287644232,15.03008843267164,48
1000,1352,4.293926431525403,8.314792981988395,15.37198040650588,80
1205,1288,7.248949655403806,0.4399683592372903,27.841494945805035,32
1368,1357,9.25471993306535,1.6103338849311852,15.422273657633959,32
1140,1441,6.57674398814557,7.425369256536672,23.6276738116427,96
1173,1414,1.429254560778364,4.5065223540067025,22.079651070676725,112
1367,1030,6.608603562643757,4.364207667718276,20.856468854038432,80
1169,1365,3.738349421376555,3.749988876272049,10.047269313604197,112
1404,1127,8.253608510639342,9.46753945622983,26.465027757910306,112
1495,1332,6.599202308621353,8.00231059728448,17.77304262077991,80
1324,1266,2.1389826691980054,4.696355498163477,27.423781806214325,32
1495,1142,5.514490903763366,7.66428553772334,18.042898255170634,128
1201,1439,4.218561616793773,0.43740756445263096,18.892386965053213,32
1234,1073,6.99434157150582,3.8848221650884334,27.106409531955503,64
1399,1019,5.33394879833531,9.725595944174808,20.335673944047585,32
1275,1149,0.3768138443534268,5.1819265124068945,12.987134504343093,32
1339,1416,3.7143666290463258,9.228839027985144,17.525908993479877,144
1248,1392,1.1750703284552242,1.3455431513241558,17.695547781836044,48
1284,1141,1.5283615527711067,5.1404335543746775,24.84017698813646,128
1268,1489,7.62395373586424,8.059131137885146,19.673196306486318,112
1357,1393,1.3958684790992593,1.3057889212105853,27.340118620252326,144
1321,1093,2.7136556581512976,3.941916692777979,28.153878015768104,80
1112,1436,2.894709763119074,4.252617365272908,13.899580447519897,128
1349,1278,6.7026160919213895,0.1787612235495034,18.140072837042037,64
1062,1247,5.70438651919033,3.5100950170754635,22.831375431746174,80
1249,1086,6.66442902613988,0.7583716256909844,27.095002348245924,96
1191,1191,6.407121837946543,1.9024409170820522,20.940677120166498,144
1467,1323,4.196195134993562,7.028450147885643,19.405018905002873,128
1407,1294,4.101219167339603,1.739671392037419,15.517020154914409,32
1277,1450,8.612139427145106,9.919225589008615,28.8920474068708,128
1258,1132,2.2602306869277444,7.551221805388205,10.124535105181216,32
1194,1142,3.012433311761885,7.902420752216317,19.067391921858814,48
1070,1390,8.851842689876442,5.946680589751489,29.678453213934375,144
1223,1226,4.927370331312654,3.376929003822351,28.971585926506187,128
1310,1268,3.281577781168391,9.40328954477509,29.943727809532415,80
1326,1400,2.9656280026859334,3.787585526579701,26.605779111024972,48
1479,1235,0.5661605483274907,6.532412725711831,25.22877117132017,144
1442,1142,8.056312125733973,5.563932005477984,23.626034086238075,64
1195,1154,2.0968110472235932,7.238389601950039,15.331360936205588,64
1286,1267,5.813726029856582,7.378579038386465,15.368140038611088,128
1400,1366,2.4097723880841646,3.523095082955004,12.434538060378454,80
1416,1280,6.748072174082948,0.40366525284015875,12.200945130765778,32
1350,1236,4.24605596676925,2.1895582798698707,10.637206601995878,32
1417,1173,0.7200644768877339,5.130960384104886,22.054876590697553,64
1431,1217,6.043329235242094,0.6528745572055425,22.841825123974274,48
1137,1176,2.0584699203349563,8.163992663542002,18.712526783016397,128
1018,1407,8.256945987579197,1.897241688549701,24.511634602516025,48
1050,1335,5.409659180011638,9.027913499223367,17.414107425278743,112
1084,1356,9.035456293436576,1.6861187044991293,12.030632986255807,112
1142,1162,5.7156377849133815,9.361158558433925,21.73786268240904,128
1104,1101,7.16260194051911,6.762820137765373,25.59937970747952,80
1173,1375,3.04561183004004,2.890733091815106,23.63382019683904,96
1040,1202,8.790784694260473,6.71744845262132,28.60768197736297,144
1067,1193,4.468236313777413,0.1898197676564515,24.88355898492481,144
1477,1455,9.491515300726833,0.4496961470431168,29.68394954590356,80
1097,1476,0.1061522760296143,4.153711079214347,27.201552324555124,128
1193,1428,9.322258609724766,0.22572292657700221,12.623394150731786,112
1447,1183,6.433277643082619,7.752245682257111,22.07627763778429,48
1211,1103,9.21909808506866,0.33089531749063295,18.577146177272287,48
1400,1114,2.376872018047424,0.15020069555220966,29.356855814661625,80
1049,1028,7.761234118895083,3.930701244244952,10.341343257341318,48
1300,1033,6.45571256082394,2.2077296626497245,15.888523383602845,80
1153,1458,5.322267148561533,1.4065795586339376,21.08021395097172,112
1027,1192,4.369875384812209,4.980524072836203,22.574469337758018,64
1411,1458,4.318671170282709,4.724631108844479,26.77199156243238,48
1340,1268,8.50299590177883,4.236489384630813,22.848554704769086,144
1126,1198,4.531871462941893,7.896476845678895,26.444037115554487,48
1070,1399,5.91968407757246,2.815076857077131,12.902862971302351,128
1229,1003,4.019731494506192,1.4503988813062407,24.047705821086577,96
1392,1112,7.022193401443838,9.468459459185253,20.08959450432257,128
1427,1006,5.9547962268883055,6.365914824055928,12.337890797699629,144
1292,1156,1.7757094952666228,1.145523209969503,17.4554268281579,96
1466,1332,8.773326249643198,0.982442783923974,28.3477714676779,48
1208,1325,1.8066264207950948,9.418743882675708,18.198700080286088,32
1096,1469,6.320142573826141,5.364117157307716,21.94961579146382,96
1363,1076,4.972006173061255,8.655127272614022,15.704456481809297,48
1080,1493,2.1455313511713316,1.9287502993137355,21.71965611776097,48
1399,1492,5.937776806849438,8.021692404140396,19.98074660390862,80
1095,1006,3.7391891353422064,4.181515032967598,21.443712228923456,80
1472,1367,6.961013185238173,0.29368258149752013,13.669338380106034,32
1468,1456,0.8850730211796684,5.981357060860852,22.582406943611595,48
1423,1479,8.809516604794528,1.7856967256978908,12.735868945347274,128
1236,1034,9.601183228280258,3.0535109188906273,11.269912915582488,80
1464,1415,5.210781913833139,1.4180665205259269,23.93975788444498,144
1108,1150,8.273658801387967,5.419355696889074,26.244795518252392,48
1135,1433,2.513049744653698,0.9343252537312238,24.119205272549742,48
1369,1172,1.853683010099938,4.600826458413083,24.850470862172813,96
1433,1125,6.009847637980832,8.945100708832078,23.556693140570825,112
1324,1134,4.694112638575897,6.806793621131541,15.262404318224952,128
1041,1135,5.231622851151302,6.803322887125283,22.265197247353413,64
1254,1464,9.968893124783992,0.23874227111947732,19.745086291168413,112
1155,1091,4.287896478860804,2.2077897559027857,22.97638244611861,128
1063,1080,7.9529809871600285,5.627648358810199,16.75500895274085,112
1465,1195,2.404237427097433,9.67299521528812,27.304045286988085,128
1490,1443,1.916238745257402,9.74219323289954,24.419863734121844,144
1011,1270,4.15376634057285,7.772154704820125,18.60719396338588,112
1192,1358,5.697527738888753,2.4540198545306904,24.221360805107427,96
1131,1324,5.706977760972079,0.36100688142274595,16.337044006567414,32
1144,1337,0.7908781398495792,9.043227659150844,26.01897584429057,96
1138,1268,1.5771213297521558,6.975027180188086,20.01654018240737,48
1438,1014,2.4210911315592694,3.5875472723573045,18.4065724951956,48
1424,1453,9.610972025164704,7.511583020648109,25.354678794250006,80
1261,1463,9.153817586533755,1.9756278590222538,11.78487826307606,144
1109,1145,4.600843765866273,1.3231013016769884,25.99463806858403,112
1247,1445,4.024437456831854,2.0848548411023518,12.212907309847203,112
1458,1319,9.374948760841777,4.63104517372054,23.223019051289164,96
1253,1364,6.926989458474115,5.279358394956968,21.971829557514326,80
1410,1296,0.6948896037074058,6.563371809475205,24.663832410835802,96
1477,1316,7.150586100710391,7.637857466380221,23.46356517846884,80
1235,1369,4.941905064940515,9.747318865297357,10.608659554174354,48
1216,1095,4.674471728979051,8.60054644265384,11.003460536106322,80
1344,1453,8.039577798213307,4.248600789073282,29.849524268955584,144
1320,1113,9.319612966349556,4.14094123496057,11.39169003878115,128
1226,1397,8.379540367781809,5.549964971941434,23.368474089580708,112
1002,1310,6.576854359326038,7.249036367510505,13.382226697638885,112
1457,1118,4.566450580144561,8.05783795981063,23.91285756199531,128
1388,1162,1.9513848383901429,1.9888717891344943,16.86454000906069,80
1462,1267,0.6322540441152696,6.324852659390848,22.666430329320118,80
1216,1211,5.932835831478391,3.81819261449582,24.85323372656748,128
1190,1269,7.867987403476895,5.16350253652054,13.830342914036162,128
1278,1293,7.421091948793176,0.8869161350271451,22.318699235456318,144
1340,1288,4.663422444682718,5.913014327243565,29.583752343896005,128
1173,1105,2.3463357744325823,6.559466092171802,25.003480881186526,128
1285,1369,2.48338290046003,1.8374582723849546,21.45163878915138,112
1398,1156,8.375567101753301,5.315347123998784,16.118925973272603,64
1292,1392,4.556102877787901,1.9552319736948787,16.512612531222814,32
1105,1466,3.7580668559583477,6.6103801974108105,16.220248777962844,64
1401,1361,7.011989585540545,9.827304477493026,22.274428315779275,112
1329,1119,3.024665823137557,9.110843155716434,11.716408621159879,112
1162,1067,7.902636508269124,6.9178486223361855,13.703524492096415,80
1001,1348,8.845218243547151,7.888570700397684,25.108461765906167,96
1136,1354,6.297230829995955,0.7689184217953116,11.38371446592921,32
1055,1369,1.7910841519821548,6.852757594503981,16.9481371503038,112
1378,1371,9.181562999392154,3.9777719100271303,29.913023567751186,112
1159,1338,9.39909415875302,5.008982719376391,10.777176736758182,144
1082,1055,0.6069457962691267,2.477551954831146,24.45808663969855,48
1113,1222,2.566965951282919,2.8095564177279324,20.314385570554013,96
1304,1119,5.891217936858318,4.668052939015155,23.704586699254016,128
1155,1238,8.84399825609103,5.035732955556593,15.2154004476938,128
1344,1066,1.6952856855454819,7.464059469213141,21.196067919854023,96
1203,1107,9.82639268205346,5.286195822766156,22.213204196087204,128
1401,1142,2.716468752288874,6.79236200467994,16.348966123595332,112
1090,1292,7.127784064921286,2.525544278976427,16.786010225407768,64
1464,1045,3.078880788373445,6.619653402362305,17.512283706402712,96
1438,1043,1.7558382295987656,7.7884637350009625,28.016709826769667,48
1089,1333,3.7861659280342463,7.640698390714019,27.23667275880262,96
1225,1392,1.6923241231480763,7.865691102026393,22.180090702397273,48
1344,1399,9.451691276187184,9.446891953289208,11.452773163711052,32
1480,1311,2.178877939209373,9.848007674534204,21.523180844983578,64
1472,1390,8.554540658561427,4.642271469755271,10.332086598404203,96
1472,1307,8.846218394953976,5.199622401755627,25.065292284315888,144
1439,1169,3.0862922803557087,9.876081971043847,25.99424105517904,144
1356,1279,8.997046977444045,8.77675127427654,25.750746475119072,64
1010,1401,5.912722483100614,7.545525426658292,19.995998078730164,32
1101,1151,2.4631095277639927,3.691728575057319,22.668757065300458,128
1258,1473,7.252638598937371,7.024589201333083,16.495094992049406,144
1351,1011,8.834095759225312,3.6900702922227495,21.84548338643888,80
1267,1020,7.806063040806549,9.335546389492658,19.77296411994966,48
1158,1237,7.0107441947834985,6.597723975146203,13.705854022831298,96
1059,1052,6.967469423700753,4.771777306253028,27.08705493123241,96
1197,1169,7.960423388449498,3.4370866841474657,13.994239108197576,48
1428,1144,3.6219923478372116,3.057789943844072,18.267977297269493,112
1416,1487,8.952083151448681,7.086106182272301,18.923007624638657,128
1294,1423,7.4023685951180775,5.109328854163013,21.606081413111124,64
1187,1156,1.4288563568254233,7.243387001460556,21.33688931400194,64
1054,1243,2.327644306672013,8.946361692941851,22.456591986666535,128
1164,1495,8.008865338998886,1.6956707786223855,14.709002779500455,32
1046,1461,2.7553114642451577,1.4594187721478535,14.696844489094731,128
1136,1475,2.0050460520851527,3.353945304582517,18.215730470683802,128
1326,1075,6.622427672080341,2.2998189044695225,16.635306332491947,80
1017,1376,1.0465767904204661,8.053354254000864,24.063713368428573,144
1252,1406,4.524793854661211,7.692939940406155,21.90313982341258,112
1037,1292,2.079648951722847,4.32392503429045,21.634405403946907,128
1115,1137,7.015186441997234,5.782931597848469,16.056696716752118,144
1006,1047,9.424421679666663,5.264868266964923,19.01039338093735,48
1255,1195,1.4562876171646697,1.7569464774176096,20.61347309379759,48
1349,1473,7.4339378250040955,4.1678442801603595,21.265835703584923,96
1031,1257,4.231854672549604,1.899602505867719,20.3244376519134,128
1415,1405,2.727733136320352,9.815766944641807,15.923564772710627,128
1043,1068,6.581543365686584,9.584201389323622,14.631963959869942,48
1100,1300,3.569346840204808,1.7429341358238917,18.553285684429135,32
1473,1340,9.810577329427534,6.8628546495529035,26.142839145901547,112
1335,1238,5.652072294483122,5.503489418690765,13.035110253662229,64
1002,1054,9.594991191535556,8.61791977452678,22.971980256072495,64
1478,1307,5.4070540787500425,7.022772903849858,13.989658442284384,96
1081,1496,2.753708750876867,5.749782361050876,18.237058557116654,32
1230,1173,6.723240763559155,6.780502667116954,10.040258359941955,128
1268,1402,2.0607615334720846,3.3812895649267785,22.270009890709865,128
1230,1086,4.270850522835751,0.18178297298395552,16.97799378073219,64
1470,1472,2.77906079311822,0.45364014426046406,14.814089211220109,80
1006,1199,3.7115322865272247,0.39221801609117146,18.153121432757505,48
1200,1138,0.4482536141210848,6.205073717950987,20.449447203513543,64
1092,1384,3.498045229021439,3.395587996072896,19.273216864925672,64
1171,1202,8.943625235624653,5.349732618580399,23.658321810174222,32
1499,1174,8.41821074397443,0.8803453564757803,29.895258665312248,80
1081,1471,8.177257224599622,1.7230356405665244,29.478032445521972,32
1168,1317,9.838609387622064,6.6521026709458315,10.276425618279873,128
1495,1303,7.561799787859772,0.8171420922985589,23.25707950645026,128
1236,1061,3.2559694792182112,5.238797081789603,28.051537788546447,144
1003,1468,8.606816831099927,2.4893023938149383,25.411480724307978,144
1199,1075,1.6294479456185145,4.088204116863081,13.258908395847707,128
1365,1074,7.9651484913744826,8.161379880530431,28.268010194280116,64
1037,1490,1.8251550793497255,4.296664797240376,27.398099026034373,128
1295,1112,3.1169986449070657,0.1661893274563677,10.372034717401215,112
1336,1232,9.346995281489406,4.637062936442232,23.927294169327435,48
1109,1056,0.5447281532375976,5.056417579573665,19.035169509340058,96
1243,1085,9.381337067843829,9.867266316688948,27.667103784253054,128
1192,1321,0.6800137806434443,7.512879465262032,16.15779204561664,112
1210,1041,2.5471681388039293,9.97789993642408,20.795343768092504,112
1269,1461,0.7928911053694246,2.5104380746248625,20.62714312140768,112
1049,1270,9.655642390995379,3.6236597885168593,17.82306433802656,96
1136,1113,8.301259997003484,8.373956215307444,11.833942312970489,48
1172,1101,7.111381893494589,5.288284046382605,12.429822849296187,32
1387,1021,6.317257935397328,5.585684920915667,27.709075683541005,128
1286,1436,0.9821869057334526,5.79253752178487,21.165078661661113,80
1462,1392,0.542988863598705,1.787027150778061,15.423146031780028,96
1346,1348,2.3427453848934054,7.569382910632082,26.046813758874052,80
1387,1212,5.330765913874383,3.2064546510796315,23.06747474670479,112
1129,1286,6.3080733015200146,8.807952849453603,15.978290082772936,48
1331,1275,2.5804823060957633,5.247265430276731,21.47488243858774,96
1263,1442,1.7475173435708953,8.176261122631667,12.577458086010502,32
1229,1259,9.97060758367106,2.2080694386721955,29.358177082208947,128
1407,1164,4.318873594556007,8.489497615082975,21.001559523315073,112
1494,1051,6.98390602426423,7.464809106514594,29.45953532359172,80
1245,1186,1.8949875227395705,2.120280094071372,27.400914609974752,32
1395,1309,0.13494619117792292,1.2156728699011263,11.283267616552873,144
1403,1064,0.3658952095353245,0.5093151599676803,16.21719132911285,144
1146,1174,5.055997774765592,8.728477205059244,15.304039238593523,144
1313,1224,5.41164662808003,3.664616336654711,17.337087010685877,96
1413,1070,0.27870955204584513,5.608517066014179,25.808396326234245,80
1491,1427,9.468989677549219,1.8627836773204443,23.955240257523272,128
1029,1486,7.185991705963247,1.8846835720367492,29.017958226142348,80
1285,1268,7.47826841555884,1.813222928359539,15.433159167153235,48
1012,1150,8.611053940758701,8.429107921218046,28.98888450745223,144
1429,1037,3.1877870210551,5.983696199454402,22.920555443133956,48
1195,1101,2.0990216601613527,3.569244874941671,26.623892978508316,128
1244,1188,2.446975232411798,0.1792529630927157,10.65222543241827,144
1135,1476,4.347177904465094,1.8802964268309732,26.395450720717893,80
1110,1029,0.9156274966098583,3.816109190340815,17.252317375666856,144
1346,1197,2.629635735243791,3.2268121113418777,15.284994110120053,96
1283,1100,1.0085543034098448,5.934360282260793,25.871841593949263,96
1016,1114,3.4025307090143735,6.611830952335676,15.75914799520767,96
1011,1280,3.2434961574719776,1.2818899714817265,22.601927494839543,144
1020,1456,5.220719284311498,6.204590181524159,26.331842285114714,128
1036,1034,6.403126392107591,6.53914831071241,18.197667352662883,32
1218,1369,8.324951283560866,0.5088918822816384,15.814587444062443,144
1302,1358,6.866981759100342,3.0119803255303186,15.24334148569783,32
1274,1284,8.314522268543511,3.2571191195306755,16.418845433455154,64
1098,1150,3.8229571964573297,9.76962358236327,13.167958073698589,48
1417,1369,1.7745577945754556,9.449218079998097,10.836485098352409,32
1183,1071,1.8016049120016318,0.6001071149437777,13.518196128319001,48
